eto_ofr_display_id,fk_glusr_usr_id,eto_ofr_mcat_id,eto_ofr_typ,eto_ofr_approv,eto_ofr_approv_date_orig
6507389475,8968227,24522,B,A,28/02/14 12:27
6478457846,4040339,1174,B,A,20/02/14 08:48
6524835846,9664767,23712,B,A,02/03/14 11:24
6478766759,9587080,33253,B,A,20/02/14 10:26
6516565813,6747024,11681,B,A,28/02/14 14:18
6505066863,9184340,152752,B,A,26/02/14 13:22
6478753034,7350996,8408,B,A,20/02/14 10:27
6560299967,9734879,40844,B,A,07/03/14 13:21
6513174834,8989975,148423,B,A,27/02/14 18:43
6498423052,9630793,6034,B,A,25/02/14 13:24
6321792246,9284520,133826,B,A,21/01/14 05:48
6574861367,9761363,6472,B,A,10/03/14 14:14
6573160863,9758956,8408,B,A,10/03/14 11:29
6582354695,9774637,35991,B,A,11/03/14 17:16
6556711675,5484736,102009,B,A,06/03/14 17:51
12126139985,11984201,145135,B,A,19/09/16 15:48
13223959667,37611480,186980,B,A,16/01/17 15:13
13035923313,32321002,34747,B,A,26/12/16 20:21
13017773695,36589085,27531,B,A,24/12/16 19:06
13164326713,2815184,178988,B,A,08/01/17 10:19
13043808295,30302083,89562,B,A,27/12/16 16:29
13195852295,12033078,25678,B,A,11/01/17 10:52
13141426785,37354398,7813,B,A,08/01/17 17:44
13207788452,29632911,184993,B,A,12/01/17 12:49
13256216046,28649438,21548,B,A,17/01/17 15:51
13078651367,3804262,2546,B,A,01/01/17 13:39
13272173975,9023479,180721,B,A,19/01/17 12:24
13170610246,37354885,114076,B,A,10/01/17 16:27
13010662275,20401997,69209,B,A,25/12/16 17:11
13057804952,32234230,4445,B,A,29/12/16 11:04
13197799413,10942604,68045,B,A,12/01/17 16:22
13051203246,34704115,3488,B,A,28/12/16 11:46
13229030559,2468720,530,B,A,14/01/17 17:07
13245173434,10339823,35670,B,A,20/01/17 15:42
13171256113,16410951,9488,B,A,10/01/17 17:37
13099666485,27324092,142688,B,A,02/01/17 14:33
13081723567,22863331,181979,B,A,31/12/16 09:19
13270739067,37743990,3127,B,A,19/01/17 14:35
13097699459,24379705,151697,B,A,02/01/17 15:06
13279545546,31963441,6053,B,A,19/01/17 16:20
13204192163,37549788,38738,B,A,12/01/17 10:45
13146658967,10730384,136214,B,A,06/01/17 16:33
13009835134,36635075,3072,B,A,24/12/16 11:01
13134516213,35601265,28321,B,A,05/01/17 14:03
13138893446,26881744,951,B,A,05/01/17 19:55
13172465059,28689549,1425,B,A,16/01/17 16:33
13051442159,37081677,26929,B,A,28/12/16 12:09
13094943167,20741623,45729,B,A,02/01/17 16:29
13179077434,37470291,157929,B,A,09/01/17 17:10
13138460575,37346297,85907,B,A,05/01/17 19:56
13091746759,27963650,181021,B,A,01/01/17 15:40
13082416495,14560776,20514,B,A,31/12/16 10:52
13185295095,29642688,185474,B,A,10/01/17 10:50
13179879513,3571446,7491,B,A,09/01/17 18:09
13041988852,37022646,38338,B,A,27/12/16 15:32
13232895763,14215550,7623,B,A,15/01/17 10:04
13009268275,36906308,122563,B,A,26/12/16 14:45
13191137913,26047438,26819,B,A,10/01/17 18:21
13089128495,36974600,179926,B,A,01/01/17 15:35
13094811867,12511222,34747,B,A,02/01/17 16:46
13087725185,36449798,15686,B,A,31/12/16 20:22
13099645385,17371209,157119,B,A,02/01/17 14:32
13242198967,28410586,11938,B,A,16/01/17 12:15
13150354285,37382100,3293,B,A,06/01/17 19:53
13252805267,28974756,72719,B,A,17/01/17 13:21
13064171734,37121586,95592,B,A,29/12/16 14:30
13204076375,37549395,139309,B,A,12/01/17 10:55
13101867313,21941994,37383,B,A,03/01/17 12:52
13223283752,37606747,143143,B,A,14/01/17 10:26
13087955067,7225918,36286,B,A,01/01/17 11:50
13098411875,3411837,85451,B,A,02/01/17 13:08
13070757495,37141551,154225,B,A,30/12/16 10:25
13205244513,34525570,164956,B,A,12/01/17 09:58
13242280885,13793137,138312,B,A,16/01/17 12:19
13119342734,9337203,7170,B,A,04/01/17 09:30
13153245267,36876353,143598,B,A,07/01/17 09:47
13182241334,36954654,183991,B,A,16/01/17 12:54
13184247646,9754699,147080,B,A,10/01/17 11:02
13109212552,36356270,64941,B,A,03/01/17 12:07
13234804285,37645362,1254,B,A,15/01/17 13:11
13203677713,13758972,22780,B,A,12/01/17 11:29
13035756375,36513281,107088,B,A,27/12/16 12:33
13159176163,37408092,781,B,A,09/01/17 16:57
13022558652,22853092,68536,B,A,25/12/16 12:21
13174382352,27333136,180376,B,A,09/01/17 11:28
13270052167,37207776,65721,B,A,18/01/17 19:00
13158802352,37370485,12771,B,A,07/01/17 16:03
13049196085,5357496,95432,B,A,28/12/16 10:20
13195823267,37516486,42917,B,A,11/01/17 10:49
13236816513,32331793,30406,B,A,16/01/17 12:29
13156470395,935598,142847,B,A,07/01/17 13:05
13042053059,37054489,33355,B,A,27/12/16 14:20
13107249359,23691284,85624,B,A,03/01/17 09:09
13233217167,34796992,20516,B,A,15/01/17 10:43
13141610213,35767129,141325,B,A,06/01/17 10:41
13304748095,11020199,32848,B,A,21/01/17 20:46
13010151063,10208347,86335,B,A,24/12/16 10:41
13264833667,35365747,146657,B,A,18/01/17 12:23
13028146685,18177830,41679,B,A,26/12/16 09:48
13162652346,37418507,10001,B,A,08/01/17 12:09
13229745834,24139576,32318,B,A,14/01/17 18:32
13080169813,5185338,11153,B,A,31/12/16 11:38
13153393075,8069004,80785,B,A,12/01/17 17:48
13245950434,37678165,8149,B,A,17/01/17 11:19
13127264785,13697971,121200,B,A,04/01/17 20:03
13019422563,13668048,24750,B,A,25/12/16 11:01
13242192613,11696619,12972,B,A,16/01/17 12:12
13055448152,7056169,35121,B,A,28/12/16 16:52
13214189963,15612307,68472,B,A,13/01/17 13:42
13296378595,37294177,2253,B,A,21/01/17 10:08
13207628346,37215882,120958,B,A,12/01/17 12:37
13192364463,32048350,4671,B,A,10/01/17 20:29
13268092395,37677964,186762,B,A,18/01/17 16:28
13151685875,2906226,123820,B,A,07/01/17 11:42
13160628463,15717746,34485,B,A,08/01/17 13:15
13147932952,35182378,1589,B,A,06/01/17 16:25
13114236495,8665312,13467,B,A,03/01/17 18:19
13037255775,8860270,907,B,A,27/12/16 11:53
13061691275,19202084,95646,B,A,29/12/16 11:29
13198685959,36052464,95592,B,A,11/01/17 14:37
13150230713,29877901,1876,B,A,06/01/17 19:40
13053947085,36740128,147110,B,A,28/12/16 15:09
13169885559,7077294,8406,B,A,08/01/17 19:25
13230666285,36905658,11211,B,A,15/01/17 12:14
13195928067,37040785,37339,B,A,11/01/17 11:01
13166761675,37430895,33865,B,A,08/01/17 13:23
13101631485,28488053,28214,B,A,02/01/17 16:53
13147866867,25806508,138612,B,A,06/01/17 16:21
13161340059,33161290,37848,B,A,09/01/17 16:53
13239937446,37420034,121185,B,A,20/01/17 10:24
13049500467,665284,32052,B,A,30/12/16 16:29
13136870667,1906664,2384,B,A,05/01/17 17:01
13256202467,22818164,20479,B,A,17/01/17 15:47
13190755585,35875716,41418,B,A,10/01/17 17:44
13239930695,2516695,200,B,A,16/01/17 10:25
13270111563,37728743,157315,B,A,18/01/17 19:02
13221438467,37604227,44668,B,A,13/01/17 19:08
13041225734,9234550,3352,B,A,27/12/16 13:13
13224944485,26012577,133826,B,A,14/01/17 09:08
13078043946,35690612,3049,B,A,30/12/16 18:43
13041310413,37052331,4229,B,A,27/12/16 13:24
13190398234,37505298,101134,B,A,10/01/17 17:16
13031859367,1469622,332,B,A,26/12/16 16:17
13206294985,26899578,105902,B,A,12/01/17 12:14
13100677759,35798041,13467,B,A,02/01/17 15:44
13090000013,35325134,178716,B,A,01/01/17 11:19
13253538875,11533613,20533,B,A,18/01/17 12:20
13107291513,7399387,181711,B,A,03/01/17 09:13
13099953675,37228385,180383,B,A,02/01/17 14:52
13203060167,37546731,41174,B,A,11/01/17 21:04
13260491375,11371801,37066,B,A,18/01/17 15:13
13108431175,37253073,9505,B,A,03/01/17 11:15
13081849352,22863331,25778,B,A,31/12/16 09:36
13278743267,10163834,141073,B,A,19/01/17 15:16
13101521075,26437291,186326,B,A,02/01/17 18:24
13225779513,36496439,158308,B,A,14/01/17 11:26
13224084159,37611622,122807,B,A,14/01/17 10:17
13082807946,37162899,113922,B,A,31/12/16 11:29
13272696113,18796528,36613,B,A,19/01/17 12:00
13029334313,36414552,3630,B,A,26/12/16 10:57
13198662595,26694366,134175,B,A,11/01/17 14:36
13139825095,10334316,10347,B,A,11/01/17 16:25
13238262695,18811347,94946,B,A,16/01/17 15:21
13150850163,35739206,32270,B,A,09/01/17 17:27
13241473875,37659876,119126,B,A,16/01/17 11:11
13144808052,2761234,139520,B,A,06/01/17 12:34
13143813913,9454329,650,B,A,06/01/17 11:26
13152864346,37226224,95422,B,A,07/01/17 11:06
13155130259,37394654,29910,B,A,07/01/17 11:34
13063003095,1568837,10868,B,A,29/12/16 13:00
13152093834,1991151,68536,B,A,07/01/17 12:38
6525007175,4553188,138538,B,A,02/03/14 12:47
6395553867,9435886,2705,B,A,06/02/14 03:15
6501971895,1520513,2078,B,A,26/02/14 16:31
9959271685,5796778,8306,B,A,20/11/15 14:59
13043471552,8097151,9993,B,A,27/12/16 16:08
13279438752,13859570,139288,B,A,20/01/17 11:08
13206703234,37557034,178449,B,A,12/01/17 11:20
13214264275,34233555,135599,B,A,13/01/17 12:03
13304824513,5713924,34850,B,A,22/01/17 12:04
13120919846,1011106,12771,B,A,04/01/17 11:52
13115110763,37272970,12558,B,A,03/01/17 18:57
13059621875,12250290,35592,B,A,29/12/16 12:57
13060384067,37109002,7040,B,A,29/12/16 09:48
13292331252,13147285,12686,B,A,20/01/17 18:35
13170828875,37434506,157410,B,A,11/01/17 13:26
13134586459,37333449,96272,B,A,05/01/17 14:15
13393205752,38113236,181572,B,A,29/01/17 16:54
13145661434,14272428,939,B,A,06/01/17 13:38
13107347763,784911,18,B,A,03/01/17 09:23
13347489434,37967103,5717,B,A,26/01/17 11:03
13246757613,23806661,8810,B,A,16/01/17 18:21
13210905867,37570534,55981,B,A,12/01/17 16:50
13107440063,37243150,33469,B,A,03/01/17 09:39
13125635834,14808131,159208,B,A,04/01/17 17:10
13235662713,13163499,181327,B,A,15/01/17 15:07
13035907685,37033551,64876,B,A,26/12/16 21:05
13271701867,28679164,33574,B,A,19/01/17 12:46
13244996585,37652630,113937,B,A,16/01/17 15:57
13148109659,6916593,179031,B,A,06/01/17 16:37
13355625246,38004881,144808,B,A,26/01/17 12:39
13346468259,7016148,31568,B,A,25/01/17 17:09
13137414867,9409470,31588,B,A,05/01/17 17:41
13087861113,14082554,1575,B,A,31/12/16 20:46
13281541952,25778850,114361,B,A,19/01/17 19:10
13330171246,37387472,6629,B,A,24/01/17 12:02
13190469095,23750952,164615,B,A,14/01/17 17:31
13330042913,35093198,105904,B,A,26/01/17 15:27
13143056963,32318194,152943,B,A,06/01/17 10:16
13050140667,28134619,147115,B,A,28/12/16 10:12
13342413652,4506256,37335,B,A,25/01/17 10:49
13095338985,10693935,564,B,A,02/01/17 10:20
13367190959,28892463,26922,B,A,27/01/17 12:45
13278772267,34102451,635,B,A,19/01/17 15:20
13175527875,21497667,23879,B,A,09/01/17 12:54
13367229663,28700030,452,B,A,27/01/17 12:48
13129534067,3188394,85665,B,A,05/01/17 13:23
13249783359,37486707,7789,B,A,17/01/17 15:33
13042328285,37055344,18299,B,A,27/12/16 14:39
13148409546,13945959,8191,B,A,06/01/17 16:57
13380716085,37451085,29937,B,A,28/01/17 13:59
13313335085,29813331,35540,B,A,23/01/17 13:08
13142414485,24577666,157705,B,A,06/01/17 11:23
13203793585,4732238,185537,B,A,12/01/17 11:24
13015173846,5555249,131746,B,A,24/12/16 15:22
13183654295,14396864,162941,B,A,15/01/17 19:58
13369406459,17544855,106296,B,A,27/01/17 16:14
12999972567,11405863,159208,B,A,28/12/16 11:34
13218634763,34415407,27134,B,A,13/01/17 14:08
13248682052,4307196,599,B,A,17/01/17 14:01
13180286395,37452632,90057,B,A,09/01/17 18:43
13370113485,8541528,42647,B,A,28/01/17 10:46
13097153959,23306333,7040,B,A,02/01/17 11:33
13393591934,27863814,183162,B,A,30/01/17 17:56
13213598485,26705245,842,B,A,13/01/17 11:02
13242978063,30604352,8591,B,A,16/01/17 13:13
13174457563,24885514,38979,B,A,09/01/17 11:36
13238301959,37656911,10602,B,A,15/01/17 20:48
13345543334,37334225,4107,B,A,25/01/17 14:22
13049240234,37075026,24449,B,A,28/12/16 10:13
13345475413,26663807,89676,B,A,26/01/17 17:43
13204472334,7174916,33355,B,A,12/01/17 10:48
13166241285,37340575,39466,B,A,14/01/17 15:13
13313694846,36228205,650,B,A,23/01/17 12:59
13157345946,13845510,24155,B,A,07/01/17 14:12
13129442534,27681434,439,B,A,05/01/17 13:29
13300465585,27484330,2212,B,A,21/01/17 14:32
13247661746,3106073,12823,B,A,17/01/17 11:10
13109359813,32813880,84268,B,A,03/01/17 12:16
13131619963,33277482,39129,B,A,05/01/17 09:50
13159149046,26893402,1427,B,A,07/01/17 16:29
13272339352,12674837,38734,B,A,20/01/17 14:12
13324856995,17964388,5148,B,A,24/01/17 17:50
13195179395,33949087,43840,B,A,11/01/17 09:37
13151769875,35835536,15728,B,A,07/01/17 13:13
13193171863,36589279,35121,B,A,11/01/17 11:43
13325119152,37916539,38659,B,A,23/01/17 20:52
13392356195,30863181,33443,B,A,29/01/17 15:30
13302285052,37847890,138334,B,A,21/01/17 17:08
13296177085,3946656,24872,B,A,21/01/17 10:55
13144087195,37363054,30467,B,A,06/01/17 11:46
13235405963,37647511,10616,B,A,15/01/17 14:18
13280762252,11186325,42838,B,A,19/01/17 17:50
13130315895,37319501,14456,B,A,05/01/17 12:06
13010602163,36871163,158393,B,A,24/12/16 14:52
13271934913,10514269,158224,B,A,19/01/17 12:37
13039130834,7846811,135999,B,A,27/12/16 17:31
13373933267,7874162,20677,B,A,27/01/17 20:48
13049836263,12597105,1098,B,A,28/12/16 09:34
13400613313,2629094,160301,B,A,30/01/17 12:51
13066642013,4833681,29161,B,A,29/12/16 17:43
13256019259,11149565,22802,B,A,18/01/17 12:14
13314240463,36024783,168114,B,A,25/01/17 20:14
13079378752,5073826,5385,B,A,31/12/16 15:00
13231670985,31344488,12581,B,A,15/01/17 11:14
13063210034,36118133,4979,B,A,29/12/16 13:16
13185251585,3080599,10246,B,A,10/01/17 10:43
13399817446,22807026,157659,B,A,30/01/17 12:40
13075939963,31880925,134195,B,A,30/12/16 15:45
13090032659,37191238,29662,B,A,01/01/17 11:25
13231486713,1677010,68724,B,A,15/01/17 14:19
13198827367,9450295,84821,B,A,11/01/17 14:55
13075740585,4410279,38829,B,A,30/12/16 15:30
13094047452,2976463,148159,B,A,02/01/17 12:32
13314180567,23723495,4111,B,A,23/01/17 17:28
13280201885,5685580,1221,B,A,19/01/17 17:07
13370706585,1708199,8121,B,A,27/01/17 16:40
13397718563,6049736,2309,B,A,30/01/17 09:34
13087329863,15346426,80653,B,A,31/12/16 19:16
13239273163,13553356,24353,B,A,16/01/17 13:53
13282397513,5647313,111221,B,A,19/01/17 20:17
13158023763,6005988,43342,B,A,07/01/17 15:12
13177615046,27333417,181021,B,A,09/01/17 15:18
13181195713,11454012,138875,B,A,10/01/17 16:50
13322396563,7196550,5250,B,A,23/01/17 17:08
13198649013,15923302,126158,B,A,11/01/17 14:36
13344356759,20553473,155059,B,A,25/01/17 13:09
13350915463,37957509,123996,B,A,26/01/17 15:49
13093178946,8707323,4904,B,A,01/01/17 19:32
13131855867,100494,36739,B,A,05/01/17 15:50
13225064463,26741547,139637,B,A,14/01/17 09:32
13308492095,13606739,903,B,A,22/01/17 11:10
13224841595,37612956,633,B,A,14/01/17 08:46
13316046963,37864450,81204,B,A,23/01/17 09:51
13353870659,37999828,12567,B,A,28/01/17 10:37
13109391475,27443661,178734,B,A,03/01/17 12:17
13235241434,37646610,19240,B,A,15/01/17 13:54
13338227259,36537852,143119,B,A,24/01/17 20:44
13120024852,37288709,42034,B,A,04/01/17 10:40
13178463459,24972238,665,B,A,09/01/17 16:22
13143399675,20909724,184514,B,A,06/01/17 13:57
13136742495,37340353,20106,B,A,05/01/17 16:50
13302077652,35656611,25508,B,A,22/01/17 10:44
13227095267,20174066,151879,B,A,14/01/17 13:37
13292613613,24726569,44215,B,A,21/01/17 15:49
13247103059,28571396,2298,B,A,18/01/17 12:04
13073661046,15475710,89542,B,A,31/12/16 12:52
13404288363,38145362,42636,B,A,30/01/17 16:58
13010350552,13927266,8781,B,A,24/12/16 10:26
13032460052,5831608,37339,B,A,26/12/16 15:28
13307257534,37849108,15686,B,A,22/01/17 09:56
13224670359,34172951,74147,B,A,14/01/17 11:22
13240213375,19108716,14235,B,A,16/01/17 11:24
13017787252,36966821,95592,B,A,24/12/16 19:06
13036293259,22244107,2296,B,A,27/12/16 13:20
13145724095,14620878,11291,B,A,06/01/17 13:45
13103586252,13329808,131666,B,A,02/01/17 19:40
13394621659,31674649,139780,B,A,30/01/17 17:06
13276065834,37770779,6042,B,A,19/01/17 12:10
13135303685,30458288,80969,B,A,05/01/17 15:30
13199766195,24805853,141580,B,A,11/01/17 15:57
13180744546,30681434,2468,B,A,09/01/17 19:25
13278525363,14025384,179704,B,A,19/01/17 14:59
13118927595,37285500,38637,B,A,04/01/17 10:16
13180988559,16681910,8422,B,A,10/01/17 16:55
13300171767,5378464,41758,B,A,21/01/17 14:07
13081373413,24405183,184873,B,A,31/12/16 14:44
13140390959,23796380,152669,B,A,11/01/17 15:45
13355608152,36962682,1128,B,A,26/01/17 16:22
13058787767,24068166,20565,B,A,01/01/17 15:29
13022576152,12641762,24819,B,A,25/12/16 12:24
13253410585,18169124,156256,B,A,17/01/17 13:48
13021255695,35857164,4785,B,A,25/12/16 09:20
13061772467,36912753,181435,B,A,29/12/16 11:32
13161936895,37411623,1018,B,A,08/01/17 14:17
13266926163,37732249,22255,B,A,19/01/17 11:04
13229119846,4624941,183905,B,A,14/01/17 17:13
13236505663,37651007,20607,B,A,15/01/17 16:55
13161843946,25817020,85505,B,A,08/01/17 15:41
13223601563,9309269,181160,B,A,14/01/17 12:07
13251220213,37696180,36429,B,A,18/01/17 12:35
13078718275,32469109,11656,B,A,30/12/16 19:50
13092234167,37202161,18623,B,A,01/01/17 16:57
13168300995,25318223,146989,B,A,08/01/17 16:18
13038378934,36977241,73881,B,A,27/12/16 09:32
13149278052,28343271,29556,B,A,12/01/17 16:58
13259358763,6785405,1241,B,A,17/01/17 20:00
13130717285,23534524,113755,B,A,05/01/17 14:00
13085718359,29900569,42903,B,A,31/12/16 16:03
13090015234,16418620,184416,B,A,01/01/17 11:25
13106636785,14968341,6721,B,A,03/01/17 12:37
13225158846,8630154,37179,B,A,14/01/17 09:51
13067491375,2354666,9335,B,A,29/12/16 19:01
13228272095,35635333,1684,B,A,14/01/17 16:18
13220317567,1754703,1425,B,A,14/01/17 11:06
13231669675,30470480,154507,B,A,15/01/17 12:00
13268612195,37274715,3712,B,A,18/01/17 17:00
13119879546,30894734,3122,B,A,04/01/17 10:27
13150149895,13731049,7447,B,A,12/01/17 17:06
13129389275,17275681,160621,B,A,06/01/17 16:13
13236239613,37629511,26471,B,A,17/01/17 15:28
13075841934,36394817,10768,B,A,30/12/16 15:36
13161048367,35816347,144464,B,A,08/01/17 12:27
13102481785,3420627,12080,B,A,02/01/17 17:57
13042239452,37055008,141325,B,A,27/12/16 14:30
13290713246,36814753,42634,B,A,20/01/17 16:30
13289547052,15974317,22007,B,A,20/01/17 15:26
13142690667,9982824,42572,B,A,06/01/17 09:39
13268934213,28521214,144129,B,A,18/01/17 17:30
13294077952,30320324,185442,B,A,21/01/17 13:26
13244771259,6382562,68846,B,A,16/01/17 15:39
13177746113,32573344,163602,B,A,09/01/17 15:30
13033454267,12392728,10945,B,A,26/12/16 16:51
13100519146,36954534,41458,B,A,02/01/17 15:31
13156414313,34277509,22818,B,A,07/01/17 13:02
13149302652,25791998,28125,B,A,12/01/17 17:00
13066288746,14257090,4209,B,A,01/01/17 16:15
13271820885,30445503,4267,B,A,19/01/17 17:51
13076690463,12893842,147714,B,A,30/12/16 16:46
13290676385,28332715,25063,B,A,20/01/17 16:29
13080414095,14371846,167536,B,A,31/12/16 10:37
13175286667,18805603,96273,B,A,09/01/17 12:36
13221716559,23886054,11323,B,A,14/01/17 14:06
13218625246,37594788,150067,B,A,13/01/17 13:55
13250300885,36135552,434,B,A,18/01/17 09:19
13209071195,25389100,43386,B,A,12/01/17 14:42
13143625613,8844238,161287,B,A,06/01/17 11:10
13204498885,31978312,24353,B,A,12/01/17 10:46
13169353513,11901486,20997,B,A,08/01/17 18:23
13276075334,32829839,34996,B,A,19/01/17 12:15
13126372613,14107919,42761,B,A,04/01/17 18:02
13281441775,24889683,3398,B,A,19/01/17 18:46
13291235885,22542247,5884,B,A,20/01/17 17:03
13066550034,36768454,30023,B,A,29/12/16 17:34
13021854795,9398852,6096,B,A,25/12/16 10:54
13013464952,31146167,204,B,A,24/12/16 13:09
13015533075,2752844,9793,B,A,24/12/16 15:49
13149112513,33717041,181774,B,A,12/01/17 16:57
13168031513,36809640,73938,B,A,08/01/17 15:44
13119296585,34386015,118063,B,A,04/01/17 09:18
13045351585,28398800,11576,B,A,27/12/16 18:33
13074075275,36626082,132859,B,A,30/12/16 13:13
13119676567,24899481,178310,B,A,04/01/17 10:14
13260248963,31036558,152897,B,A,18/01/17 17:36
13246574985,37664090,24,B,A,16/01/17 18:07
13208190775,24980947,6454,B,A,13/01/17 13:02
13143328734,25845846,3895,B,A,06/01/17 10:43
13225674367,9440955,86007,B,A,14/01/17 11:09
13202336952,37457253,42529,B,A,11/01/17 19:43
13222449552,36872357,33142,B,A,14/01/17 13:29
13240922652,4439768,4555,B,A,16/01/17 10:10
13151731875,20609175,5957,B,A,07/01/17 13:20
13049590467,17083319,179345,B,A,28/12/16 09:44
13239206513,37515650,21859,B,A,16/01/17 11:45
13077573859,24991681,164382,B,A,30/12/16 17:59
13134606952,37333546,10056,B,A,05/01/17 14:13
13138212552,5736942,177267,B,A,06/01/17 16:46
13038754195,37044279,1978,B,A,27/12/16 09:42
13144712046,36026425,102049,B,A,06/01/17 12:28
13151563052,34578720,10001,B,A,07/01/17 13:35
13035189146,3963832,182616,B,A,27/12/16 13:08
13159648963,36763548,65160,B,A,07/01/17 17:11
13231165852,37633275,10616,B,A,15/01/17 13:19
13240098434,29466172,183226,B,A,16/01/17 12:46
13238348034,31974107,7813,B,A,16/01/17 10:32
13134308875,11103146,147472,B,A,05/01/17 13:40
13084523959,21365110,11599,B,A,31/12/16 14:11
13167703752,33396656,1394,B,A,08/01/17 15:06
13252700046,13529748,28217,B,A,17/01/17 11:59
13225891834,37617379,182827,B,A,14/01/17 11:37
13221784434,11894519,20907,B,A,14/01/17 14:00
13159507295,24315477,9596,B,A,07/01/17 17:02
13099212052,36324745,178716,B,A,02/01/17 15:04
13251997585,2641648,597,B,A,17/01/17 10:57
13035943185,35888692,37136,B,A,30/12/16 12:06
13284004252,37581323,7229,B,A,20/01/17 12:07
13011717367,34798507,114325,B,A,24/12/16 10:51
13097504275,35585063,137999,B,A,02/01/17 11:56
13013848259,3663389,30437,B,A,24/12/16 13:37
13029151463,715407,23036,B,A,26/12/16 10:39
13202721046,36537072,95880,B,A,18/01/17 14:19
13168293295,36028568,8422,B,A,08/01/17 16:11
13127210734,21847650,29290,B,A,04/01/17 19:12
13023759685,34375433,31127,B,A,25/12/16 15:17
13197949646,2029077,183056,B,A,11/01/17 13:34
13149598967,26179332,65467,B,A,06/01/17 18:37
13064768295,3800419,2053,B,A,30/12/16 16:16
13135205059,37321352,55200,B,A,05/01/17 15:20
13197447167,37015350,4559,B,A,14/01/17 18:50
13220457963,15522400,2829,B,A,15/01/17 17:05
13278380775,21346744,7238,B,A,19/01/17 14:48
13186850259,9962297,21010,B,A,10/01/17 12:43
13147933667,23984562,180890,B,A,06/01/17 16:25
13065741213,15092745,182625,B,A,29/12/16 16:29
13187887652,35767129,11198,B,A,10/01/17 14:03
13210434013,15426953,25728,B,A,12/01/17 16:10
13160859952,36219063,7405,B,A,08/01/17 11:54
13030697163,26978426,32110,B,A,26/12/16 12:51
13208910752,28001546,85171,B,A,12/01/17 14:33
13248095652,36983260,182529,B,A,17/01/17 15:19
13119717995,32802432,181656,B,A,04/01/17 10:09
13081665713,36167945,8367,B,A,31/12/16 09:06
13018588267,22278151,42520,B,A,24/12/16 20:31
13302790252,37848991,90326,B,A,21/01/17 17:39
13225855846,12338939,14143,B,A,15/01/17 11:00
13071441367,36020587,4548,B,A,30/12/16 09:26
13163844046,5291398,32459,B,A,08/01/17 13:36
13234873185,6908824,184236,B,A,15/01/17 13:13
13195959234,18849512,16068,B,A,11/01/17 11:02
13144029446,37269093,5370,B,A,07/01/17 15:47
13128796685,36622096,14898,B,A,05/01/17 13:37
13033051395,32113839,182943,B,A,26/12/16 16:52
13095982852,30485039,65128,B,A,02/01/17 09:34
13163053346,10357120,64804,B,A,10/01/17 15:52
13077445852,37161705,20681,B,A,31/12/16 15:23
13188026213,37497578,156933,B,A,10/01/17 14:06
13304279585,36375367,74781,B,A,21/01/17 19:56
13024163775,8473623,1913,B,A,25/12/16 15:45
13070885152,37137084,139646,B,A,30/12/16 10:21
13272980852,28667423,3719,B,A,19/01/17 11:39
13080230263,23875296,186004,B,A,31/12/16 12:31
13093857752,25917047,12728,B,A,01/01/17 21:04
13071371859,18195833,186666,B,A,30/12/16 09:16
13223572052,36191206,137418,B,A,14/01/17 12:10
13019262334,24124607,132744,B,A,26/12/16 18:22
13089970567,27504458,3301,B,A,01/01/17 11:14
13062366867,24484977,52847,B,A,29/12/16 12:16
13171175152,36968209,11370,B,A,10/01/17 17:37
13133682463,14748541,72676,B,A,05/01/17 12:43
12967509085,8882719,185723,B,A,20/12/16 09:12
13193741713,30150935,106594,B,A,11/01/17 11:26
13078533646,11740050,8732,B,A,30/12/16 19:37
13067502813,37131497,177154,B,A,29/12/16 20:02
13154411159,8781046,5129,B,A,07/01/17 13:48
13131133946,35039125,20774,B,A,05/01/17 09:51
13071262075,35823546,185624,B,A,30/12/16 18:17
13267765259,10855587,31312,B,A,18/01/17 16:00
13026142763,24270492,9821,B,A,25/12/16 20:11
13087773475,37192453,123996,B,A,31/12/16 20:36
13129067867,37316121,84706,B,A,06/01/17 10:03
13018465513,1563542,133826,B,A,25/12/16 14:39
13194144685,35020639,34907,B,A,11/01/17 10:44
13140584934,12203458,6048,B,A,11/01/17 15:38
13265458446,2951214,65402,B,A,18/01/17 13:07
13229472913,24042093,143432,B,A,14/01/17 17:58
13252108567,25979136,147628,B,A,19/01/17 17:13
13050095295,12321022,18623,B,A,28/12/16 10:06
13183948113,37245651,156787,B,A,15/01/17 17:29
13218157795,8385382,24272,B,A,13/01/17 13:01
13212475746,6539940,27939,B,A,12/01/17 19:19
13195414175,19489050,34571,B,A,11/01/17 10:08
13124042613,27725808,133937,B,A,04/01/17 15:25
13189552795,36572627,187146,B,A,10/01/17 16:05
13182583175,11919404,147259,B,A,14/01/17 17:08
13021830959,34270534,6430,B,A,25/12/16 10:49
13081534546,8567730,2269,B,A,31/12/16 09:25
13161710513,37414141,84181,B,A,07/01/17 20:31
13142531646,4324489,8912,B,A,06/01/17 10:31
13233020013,26515903,52825,B,A,15/01/17 09:50
13181709213,17708736,55322,B,A,10/01/17 16:40
13014146634,36537427,68536,B,A,24/12/16 13:59
13214662146,10518652,2296,B,A,13/01/17 10:32
13153901785,13474120,1318,B,A,07/01/17 09:23
13171381513,8269599,29373,B,A,10/01/17 17:30
13294351552,8665650,2607,B,A,21/01/17 09:53
13171861463,10610249,5,B,A,09/01/17 17:28
13251483695,5257483,155325,B,A,17/01/17 10:09
13115478013,31886487,25436,B,A,04/01/17 15:40
13183786175,14279918,166326,B,A,10/01/17 13:04
13018167534,28508513,182226,B,A,24/12/16 19:47
13181706163,37387654,31464,B,A,10/01/17 09:33
13218617695,28101708,37339,B,A,15/01/17 16:39
13143411675,35724716,139284,B,A,06/01/17 10:51
13219539267,3528724,4151,B,A,13/01/17 15:19
13208144852,37561873,156256,B,A,12/01/17 13:18
13167595552,37417818,8781,B,A,08/01/17 14:54
13233310234,37640008,4354,B,A,15/01/17 10:32
13049281095,20935801,1940,B,A,28/12/16 13:34
13251430752,6092977,80653,B,A,17/01/17 09:57
13100136234,6291090,19164,B,A,02/01/17 15:05
13074782395,20990019,133937,B,A,30/12/16 15:32
13039843313,16154737,39831,B,A,27/12/16 16:17
13215332234,13351456,132717,B,A,13/01/17 09:37
13131743013,9206226,96505,B,A,05/01/17 10:04
13287394052,14644228,4941,B,A,20/01/17 12:14
13235758813,36993357,2072,B,A,15/01/17 15:37
13031734667,22170399,12973,B,A,26/12/16 14:35
13216949475,37589084,38504,B,A,13/01/17 11:14
13191588034,8420239,11647,B,A,10/01/17 19:09
13057125213,12670964,11742,B,A,28/12/16 19:32
13205685567,13680771,179363,B,A,12/01/17 09:09
13233164046,12581701,107933,B,A,15/01/17 09:25
13108883952,37254899,32753,B,A,03/01/17 11:43
13297234659,9481323,138923,B,A,21/01/17 09:46
13201905834,37543226,3352,B,A,11/01/17 19:05
13118751175,25862057,113695,B,A,04/01/17 10:57
13142154495,17945112,148428,B,A,06/01/17 12:40
13223964659,17002283,10443,B,A,16/01/17 15:58
13105325752,12914255,219,B,A,03/01/17 16:05
13243136585,36892765,2045,B,A,16/01/17 13:21
13256334667,4169578,7531,B,A,17/01/17 15:58
13174428585,36613571,28692,B,A,09/01/17 11:32
13292713063,14173343,96273,B,A,21/01/17 15:51
13104000385,37241237,11225,B,A,02/01/17 20:17
13245950395,4930811,144793,B,A,16/01/17 17:13
13078316167,3754993,146699,B,A,30/12/16 19:10
13291264434,4046421,12549,B,A,20/01/17 17:03
13187289546,15057107,177154,B,A,10/01/17 13:13
13268496775,17286834,146607,B,A,18/01/17 17:01
13229380959,14415548,1408,B,A,14/01/17 17:52
13100994075,29132294,33927,B,A,02/01/17 16:08
13214813859,35721572,38343,B,A,13/01/17 10:27
13196935746,24099806,1408,B,A,11/01/17 12:18
13181083846,6456846,95589,B,A,09/01/17 19:58
13150136395,30964109,152517,B,A,06/01/17 19:32
13286578167,22251156,168682,B,A,20/01/17 11:18
13152470363,15847921,113922,B,A,07/01/17 11:58
13232111295,37636156,38365,B,A,17/01/17 17:38
13045525713,26265513,8361,B,A,27/12/16 18:45
13189488175,11308119,1941,B,A,10/01/17 15:58
13020169559,14347810,25778,B,A,25/12/16 10:57
13050433746,30099461,148261,B,A,28/12/16 10:39
13287796546,37804782,144384,B,A,20/01/17 16:05
13237087275,20442069,22476,B,A,15/01/17 18:06
13136786885,9472191,25870,B,A,11/01/17 20:43
13195301175,37486707,25569,B,A,11/01/17 09:58
13272524467,37760390,43237,B,A,19/01/17 12:08
13202445875,35127643,2169,B,A,11/01/17 19:53
13137241659,37339825,7813,B,A,05/01/17 17:25
13196305595,35340402,5802,B,A,15/01/17 13:40
13064379285,4549920,6036,B,A,30/12/16 17:19
13099775559,37222838,141859,B,A,02/01/17 15:12
13152584863,22988097,138015,B,A,07/01/17 11:47
13270135634,36717765,7588,B,A,19/01/17 10:54
13077887146,16482552,73762,B,A,30/12/16 18:28
13117840152,37281570,5523,B,A,04/01/17 14:35
13152717463,36986847,10244,B,A,07/01/17 11:34
13272157685,29573687,4567,B,A,19/01/17 12:26
13113263113,24221295,183009,B,A,03/01/17 16:40
13193133034,16597922,18226,B,A,11/01/17 11:48
13050334467,37078294,138962,B,A,28/12/16 11:43
13135609046,25665943,140291,B,A,05/01/17 16:07
13197736063,37297280,6621,B,A,11/01/17 13:14
13069309463,6827430,939,B,A,30/12/16 18:03
13108465585,10610949,7822,B,A,03/01/17 11:17
13236421134,30263314,178391,B,A,16/01/17 12:58
13172814567,34618301,24186,B,A,09/01/17 13:18
13131601685,2808520,53513,B,A,05/01/17 09:49
13048942185,36971725,2296,B,A,30/12/16 16:32
13195716063,37509727,161312,B,A,11/01/17 10:44
13092336959,37206172,64804,B,A,01/01/17 17:18
13021753095,36990345,6242,B,A,25/12/16 10:36
13077422663,37000515,4427,B,A,31/12/16 15:21
13070276246,37140202,180492,B,A,30/12/16 11:40
13052305659,16017729,141776,B,A,28/12/16 13:21
13250003795,31568183,2219,B,A,17/01/17 12:24
13095397785,36697594,20720,B,A,02/01/17 10:13
13058968467,8694981,153445,B,A,29/12/16 11:38
12988243867,16461692,30353,B,A,22/12/16 11:02
13105144385,29523515,44756,B,A,03/01/17 17:00
13170539559,37443315,169831,B,A,08/01/17 20:40
13207436046,5722715,187285,B,A,12/01/17 12:22
13264670385,35307072,7374,B,A,18/01/17 12:11
13215557752,33527317,149862,B,A,13/01/17 09:26
13160540046,16277593,30880,B,A,08/01/17 17:09
13039267785,35316033,23803,B,A,27/12/16 10:48
13169404713,37369080,122191,B,A,13/01/17 10:33
13027307895,37007789,251,B,A,26/12/16 11:28
13149244652,33469995,2296,B,A,08/01/17 17:22
13197816546,29264318,34339,B,A,11/01/17 13:56
13196446175,5079347,184864,B,A,11/01/17 11:41
13071237259,37135931,179101,B,A,30/12/16 09:44
13224480295,5207082,3174,B,A,14/01/17 10:19
13069429113,37138098,133834,B,A,30/12/16 13:15
13180514746,37474381,1876,B,A,09/01/17 19:05
13194846395,37498025,186160,B,A,11/01/17 09:27
13119036134,15005871,183219,B,A,04/01/17 09:34
13081403263,30155209,4388,B,A,31/12/16 09:36
13298151052,37791403,1081,B,A,21/01/17 11:36
13296295613,36050620,4151,B,A,21/01/17 10:45
13175151463,37151296,1638,B,A,09/01/17 12:24
13247437534,26310586,153893,B,A,16/01/17 19:34
13229546885,18660884,68724,B,A,14/01/17 18:08
13077915363,37162899,2032,B,A,30/12/16 19:05
13248360475,37688779,2072,B,A,18/01/17 10:04
13194276985,11459449,43790,B,A,11/01/17 09:21
13291118375,37814062,187762,B,A,20/01/17 16:59
13213996759,13639675,20773,B,A,15/01/17 14:55
13221883195,27171602,20485,B,A,14/01/17 13:56
13216011263,34805257,56248,B,A,13/01/17 09:11
13302165375,35858791,181425,B,A,21/01/17 16:47
13205459467,17086131,138690,B,A,12/01/17 09:26
13203113313,37515650,182765,B,A,12/01/17 11:59
13251743267,34766028,1072,B,A,17/01/17 10:32
13296136695,27320254,146522,B,A,21/01/17 12:41
13234200659,37542457,21709,B,A,15/01/17 11:48
13212383475,37046584,94771,B,A,12/01/17 19:14
13223888463,45723,11014,B,A,14/01/17 10:41
13076182595,27367184,120835,B,A,30/12/16 16:08
13023008085,36986082,138858,B,A,25/12/16 13:17
13242076195,18297474,182038,B,A,16/01/17 12:29
13278622575,5422804,143764,B,A,19/01/17 15:02
13133793759,10704459,182031,B,A,05/01/17 15:01
13160719595,12167744,3398,B,A,13/01/17 13:31
13153110685,37104033,23760,B,A,07/01/17 10:53
13149258563,19463409,22499,B,A,06/01/17 18:05
13056113467,28042403,20513,B,A,28/12/16 17:56
13134773313,37333085,4427,B,A,05/01/17 14:35
13254028367,36840508,184302,B,A,17/01/17 13:36
13067448995,11700554,41438,B,A,29/12/16 18:56
13010621934,36688698,120827,B,A,24/12/16 10:03
13169963695,4514874,177470,B,A,08/01/17 19:33
13077351513,9873498,55290,B,A,30/12/16 18:43
13179514652,24201054,1941,B,A,09/01/17 17:44
13134444246,37333168,2036,B,A,05/01/17 13:52
13294060995,6036843,7236,B,A,21/01/17 13:08
13140264952,36850759,1963,B,A,11/01/17 13:25
13365046695,18792821,7775,B,A,27/01/17 10:11
13237312546,14752884,85451,B,A,19/01/17 16:29
13232799959,9542237,24421,B,A,15/01/17 10:12
13056157646,34639612,72701,B,A,28/12/16 18:29
13240227867,18176260,150529,B,A,16/01/17 10:04
13173920846,31632127,156218,B,A,09/01/17 10:50
13338177313,26880028,25508,B,A,24/01/17 20:42
13190743085,32995182,1320,B,A,10/01/17 17:50
13038101175,35714809,213,B,A,27/12/16 09:48
13008795195,29140393,111183,B,A,24/12/16 17:28
13236006267,37422144,7064,B,A,15/01/17 15:33
13212409095,26619430,43601,B,A,12/01/17 19:12
13015284446,21617350,113951,B,A,24/12/16 15:25
13386747052,9285175,42791,B,A,29/01/17 12:58
13184887934,37488230,24850,B,A,10/01/17 10:08
13090271385,36983812,94901,B,A,01/01/17 12:05
13366362063,38035351,2266,B,A,27/01/17 11:53
13011949385,36823836,10002,B,A,24/12/16 11:11
13245647395,35871278,181151,B,A,16/01/17 16:50
13375373663,3991146,166734,B,A,28/01/17 11:40
13393988534,37409265,3548,B,A,29/01/17 19:23
13234753834,37645022,39273,B,A,15/01/17 12:55
13207793763,8071060,3678,B,A,12/01/17 12:55
13352647175,37994732,35293,B,A,26/01/17 16:41
13084591946,11252598,1708,B,A,31/12/16 14:12
13200081652,32404466,180969,B,A,11/01/17 16:30
13368722252,9446525,22621,B,A,27/01/17 14:28
13222128459,6111477,26778,B,A,14/01/17 13:47
13034674175,37010695,30479,B,A,26/12/16 18:25
13187842134,18899165,3349,B,A,10/01/17 13:55
13173450746,36485756,147,B,A,09/01/17 10:03
13126435634,37306161,43988,B,A,04/01/17 18:15
13268324052,14021182,113940,B,A,18/01/17 16:42
13183126485,20302861,133127,B,A,14/01/17 16:57
13146910759,13843923,36754,B,A,06/01/17 15:09
13360863934,6457518,147511,B,A,26/01/17 20:09
13154051295,16306130,137536,B,A,07/01/17 09:48
13319797467,8185999,39484,B,A,23/01/17 14:26
13008878985,36949991,3354,B,A,24/12/16 13:15
13255523513,37617565,148416,B,A,18/01/17 16:03
13376431013,25845846,3054,B,A,28/01/17 10:04
13158648734,23278170,183905,B,A,07/01/17 15:50
13282880059,37790186,22441,B,A,20/01/17 12:50
13268673259,37676743,11191,B,A,18/01/17 17:04
13353712567,11149565,183086,B,A,26/01/17 09:47
13262323913,16059169,8408,B,A,18/01/17 10:37
13306912363,34964539,159271,B,A,22/01/17 12:50
13275296585,13697971,121200,B,A,19/01/17 11:10
13193522334,8504483,937,B,A,11/01/17 12:21
13205508734,27951593,155616,B,A,12/01/17 09:40
13246108059,36554913,85229,B,A,16/01/17 17:25
13249970946,23015054,289,B,A,17/01/17 12:22
13062739295,34287477,1941,B,A,29/12/16 12:39
13362017546,38023026,29731,B,A,27/01/17 16:12
13362139085,37995079,182106,B,A,29/01/17 13:45
13028910485,3032920,42490,B,A,26/12/16 10:15
13248275946,37660147,5148,B,A,21/01/17 16:49
13193035185,10238767,5682,B,A,11/01/17 12:32
13358667067,31084075,147396,B,A,26/01/17 16:43
13320547763,29387226,181819,B,A,23/01/17 15:08
13383334263,4186196,1318,B,A,28/01/17 19:51
13030501085,2903516,9510,B,A,26/12/16 12:36
13081804963,37174104,30065,B,A,31/12/16 09:25
13347294985,25886094,22780,B,A,25/01/17 16:24
13197848367,36816446,143114,B,A,11/01/17 13:23
13230985646,19093833,115,B,A,16/01/17 14:22
13076667134,24420915,35343,B,A,30/12/16 16:45
13290989867,37782018,73160,B,A,20/01/17 16:45
13264021459,11018643,69346,B,A,18/01/17 11:20
13387273559,3955876,141325,B,A,29/01/17 17:20
13134183546,37332298,10112,B,A,05/01/17 13:33
13223404263,28166917,1042,B,A,14/01/17 12:25
13060822285,33512122,10550,B,A,29/12/16 09:51
13074554395,28962361,26498,B,A,30/12/16 14:34
13373943852,12050089,42068,B,A,27/01/17 20:50
13342385185,35390792,5763,B,A,25/01/17 10:47
13236369795,4575115,4381,B,A,15/01/17 16:21
13080402495,24535475,148624,B,A,31/12/16 10:39
13077921034,25508486,1056,B,A,31/12/16 15:21
13078160352,30909208,15386,B,A,30/12/16 19:01
13132024995,33562572,49986,B,A,05/01/17 10:36
13165954313,36543562,177372,B,A,08/01/17 13:00
13039659134,37046577,5123,B,A,27/12/16 11:19
13195862185,4601332,137979,B,A,11/01/17 10:54
13010381385,35194105,10491,B,A,24/12/16 10:24
13342192675,37272233,40591,B,A,25/01/17 10:32
13035410367,36130557,157315,B,A,26/12/16 19:31
13120546567,7940495,155742,B,A,04/01/17 11:25
13037653313,11691464,151215,B,A,27/12/16 14:41
13032439434,24581398,167434,B,A,26/12/16 15:28
13169756567,36868958,77637,B,A,08/01/17 19:14
13185732875,37176431,438,B,A,10/01/17 11:22
13053686595,3370643,44913,B,A,28/12/16 14:45
13150744863,37382646,2936,B,A,06/01/17 20:34
13079107685,35966846,182047,B,A,31/12/16 14:59
13037953175,32652931,1388,B,A,27/12/16 10:15
13027321475,9564020,6243,B,A,31/12/16 16:56
13195267763,17004664,29910,B,A,11/01/17 09:47
13234538775,10681294,178127,B,A,15/01/17 12:32
13235027752,15097515,12833,B,A,15/01/17 13:27
13109272959,36615016,44311,B,A,03/01/17 12:08
13155394359,4383497,148624,B,A,07/01/17 11:51
13360743485,15201900,31492,B,A,26/01/17 19:55
13337148359,8651289,11199,B,A,28/01/17 15:02
13298023567,36980665,40874,B,A,22/01/17 09:52
13308964263,30397228,109959,B,A,22/01/17 12:03
13166176459,36782764,10847,B,A,08/01/17 12:25
13143078467,24722901,4019,B,A,06/01/17 10:19
13046749785,23129916,181745,B,A,27/12/16 20:41
13281283446,15086966,53753,B,A,19/01/17 18:37
13063580263,6964880,167689,B,A,29/12/16 13:43
13050426359,11173428,393,B,A,28/12/16 10:38
13101533663,14162724,165896,B,A,02/01/17 16:51
13340345167,5620060,137685,B,A,25/01/17 12:22
13165080995,9697831,68848,B,A,08/01/17 13:46
13257720113,5564930,3796,B,A,17/01/17 17:41
13312201634,18946246,16484,B,A,22/01/17 18:23
13215151367,13366980,1749,B,A,13/01/17 10:11
13168448613,37436562,3694,B,A,08/01/17 16:30
13257337659,28056003,96518,B,A,17/01/17 18:11
13030459267,37017491,160193,B,A,26/12/16 12:35
13269633134,36933062,151132,B,A,18/01/17 18:23
13090037434,33402744,85369,B,A,01/01/17 11:27
13175534675,33308385,8781,B,A,09/01/17 12:53
13249326163,37691134,21548,B,A,17/01/17 12:16
13281991746,14680583,177372,B,A,19/01/17 19:37
13379106167,38071925,11537,B,A,28/01/17 12:12
13275983334,37770479,187907,B,A,21/01/17 16:33
13187313152,21212923,1339,B,A,14/01/17 16:47
13358062585,22815143,1917,B,A,26/01/17 15:51
13162222063,36382583,186525,B,A,08/01/17 12:37
13358818034,18434247,202,B,A,26/01/17 16:57
13056701059,36127551,8861,B,A,28/12/16 18:47
13380547563,21060759,37638,B,A,28/01/17 13:49
13209284059,7947388,2903,B,A,12/01/17 14:53
13325078034,37465244,6749,B,A,23/01/17 20:52
13313982775,24723833,402,B,A,23/01/17 10:09
13149641359,14830955,4275,B,A,06/01/17 18:44
13190220752,4070909,181550,B,A,10/01/17 16:58
13363427763,18835961,114244,B,A,27/01/17 09:34
13136866463,3150299,180492,B,A,05/01/17 17:00
13293361195,37680586,136753,B,A,21/01/17 18:01
13265760013,34173389,12531,B,A,18/01/17 13:36
13159440075,28977437,6013,B,A,13/01/17 15:57
13375414195,23464629,37359,B,A,28/01/17 11:38
13133077767,32516405,37335,B,A,05/01/17 12:07
13216172834,37586668,84718,B,A,13/01/17 09:44
13304923685,22468882,158662,B,A,22/01/17 12:04
13169086952,18897340,43349,B,A,08/01/17 17:51
13359231163,34081476,5062,B,A,26/01/17 19:14
13270321995,35685031,142747,B,A,18/01/17 19:23
13157455852,3118329,3346,B,A,07/01/17 14:20
13388151352,28675822,12972,B,A,29/01/17 11:10
13309165575,34103519,28389,B,A,22/01/17 12:25
13265308363,37736774,1546,B,A,18/01/17 12:59
13084608463,8932283,8590,B,A,31/12/16 14:21
13108671952,19490340,13053,B,A,04/01/17 11:49
13131920195,37323530,34376,B,A,05/01/17 10:26
13366843913,34905366,145525,B,A,27/01/17 12:32
13271281252,4275269,23911,B,A,19/01/17 13:00
13053555659,30654735,181116,B,A,28/12/16 14:31
13310747363,6877801,39908,B,A,22/01/17 15:48
13051368759,12345649,24155,B,A,28/12/16 14:48
13075198946,21457777,131601,B,A,30/12/16 15:21
13255920463,25016127,2247,B,A,18/01/17 12:09
13275702485,30831993,138698,B,A,19/01/17 11:40
13186982867,22954501,84268,B,A,10/01/17 12:50
13026456059,9932066,42034,B,A,25/12/16 21:02
13206393152,19753980,9993,B,A,12/01/17 10:42
13212220563,37573926,141,B,A,12/01/17 18:54
13322574834,8313778,16357,B,A,23/01/17 18:09
13319610367,17037382,1574,B,A,23/01/17 14:16
13198027995,35921253,3883,B,A,16/01/17 17:15
13284136952,37785752,5927,B,A,20/01/17 12:18
13364299685,12535212,65867,B,A,27/01/17 09:46
13296618163,37830700,1978,B,A,21/01/17 16:13
13236817759,7409990,3346,B,A,15/01/17 17:25
13320255234,37894882,111362,B,A,25/01/17 16:45
13391753095,35572005,95359,B,A,29/01/17 14:23
13109989659,25023409,20979,B,A,03/01/17 12:55
13254642313,26418362,36642,B,A,17/01/17 14:22
13396144059,20620312,37825,B,A,30/01/17 10:16
13113345975,28942851,10001,B,A,03/01/17 16:42
13180798252,37461432,101120,B,A,09/01/17 19:30
13232049752,36741320,84722,B,A,15/01/17 11:37
13069781434,15223893,150839,B,A,30/12/16 12:34
13211060863,6259998,107933,B,A,15/01/17 15:18
13046412846,37035226,180890,B,A,27/12/16 20:06
13235754646,11998810,129905,B,A,16/01/17 16:07
13090322167,17756944,144879,B,A,01/01/17 12:26
13358091475,18017568,202,B,A,26/01/17 15:55
13337433813,37890599,445,B,A,26/01/17 13:39
13179040485,11193435,161038,B,A,09/01/17 17:02
13084906763,23635064,113695,B,A,31/12/16 14:43
13153959467,5142841,119222,B,A,07/01/17 09:37
13213709163,37579411,144960,B,A,13/01/17 14:02
13185018985,35122345,188170,B,A,10/01/17 10:20
13181185275,19167301,8774,B,A,09/01/17 20:08
13011246663,17771604,182035,B,A,24/12/16 09:59
13216225146,31984444,25675,B,A,13/01/17 09:51
13179100475,2922664,1886,B,A,09/01/17 17:06
13360560152,30348589,178434,B,A,26/01/17 19:37
13386039034,37828995,185118,B,A,30/01/17 09:07
13282382563,37741726,6378,B,A,19/01/17 20:13
13353103434,29592270,39773,B,A,26/01/17 10:33
13105938346,37168661,4267,B,A,04/01/17 20:34
13223500575,7282434,2135,B,A,14/01/17 15:16
13151386563,33236021,5148,B,A,07/01/17 12:09
13395612667,5795043,134123,B,A,30/01/17 16:37
13240976375,32309501,31338,B,A,16/01/17 10:15
13212050752,19110248,182112,B,A,13/01/17 09:55
13083817175,27294361,4267,B,A,31/12/16 12:59
13160799463,11666318,32806,B,A,07/01/17 18:56
13200486567,8732171,2093,B,A,11/01/17 16:59
13397828885,25887821,154945,B,A,30/01/17 09:19
13234276963,37185002,28065,B,A,15/01/17 12:01
13261579785,37412263,84299,B,A,18/01/17 11:58
13170200434,1403338,32949,B,A,08/01/17 20:00
13384002795,16311696,180705,B,A,28/01/17 18:04
13040981875,36531136,106872,B,A,27/12/16 14:33
13028828813,12701182,26674,B,A,26/12/16 10:05
13391501095,22916956,151685,B,A,29/01/17 13:58
13217792259,19232659,389,B,A,13/01/17 12:36
13243819275,8147391,163764,B,A,16/01/17 14:36
13010900585,5110367,3372,B,A,24/12/16 09:12
13362206113,6596823,132943,B,A,27/01/17 12:15
13244935159,25174611,44757,B,A,16/01/17 15:51
13240110585,37662449,114012,B,A,16/01/17 10:13
13390108752,16108907,11290,B,A,29/01/17 12:03
13207214785,35856590,43164,B,A,12/01/17 12:06
13028215667,24977101,156256,B,A,26/12/16 16:14
13197849734,10213027,39198,B,A,12/01/17 16:19
13028737059,21958825,178319,B,A,26/12/16 09:52
13214297834,11735025,153893,B,A,15/01/17 16:00
13194603746,37517791,3666,B,A,11/01/17 09:55
13207346075,9633794,113880,B,A,12/01/17 12:16
13363557975,9043129,162613,B,A,27/01/17 10:29
13278686663,14781301,20900,B,A,19/01/17 15:09
13285615913,23245164,3898,B,A,20/01/17 15:45
13262900946,37556912,37646,B,A,18/01/17 09:24
13223942785,29343403,5809,B,A,14/01/17 11:50
13155518385,37393941,89864,B,A,13/01/17 11:44
13178252659,37452123,151409,B,A,09/01/17 16:07
13332436175,30707858,42009,B,A,24/01/17 14:05
13374381334,10716034,33966,B,A,28/01/17 12:20
13067724234,10551393,127500,B,A,30/12/16 18:08
13313709052,10115061,43988,B,A,23/01/17 18:50
13262327063,37452220,88414,B,A,19/01/17 16:46
13114509967,27581008,78030,B,A,03/01/17 18:07
13231512475,11088207,3907,B,A,15/01/17 12:06
13219643367,8387764,12681,B,A,13/01/17 15:31
13207764485,11814170,18052,B,A,12/01/17 12:47
13022063346,28472651,181089,B,A,25/12/16 11:24
13138190452,10006606,184675,B,A,11/01/17 16:12
13295493463,10086231,3782,B,A,21/01/17 11:59
13361259634,13005133,181785,B,A,26/01/17 20:40
13048882495,10970483,1978,B,A,28/12/16 11:28
13221876946,17091973,33530,B,A,14/01/17 12:07
13129023459,36910356,24137,B,A,05/01/17 13:56
13294803534,36816414,22257,B,A,21/01/17 16:21
13309597046,35691962,37001,B,A,22/01/17 13:10
13300167246,37804006,36364,B,A,21/01/17 14:12
13042661485,24847000,634,B,A,27/12/16 15:04
13317796663,1618999,8252,B,A,23/01/17 11:59
13333650052,11811360,69636,B,A,24/01/17 15:21
13115947795,37007958,114132,B,A,03/01/17 20:13
13221158667,33708890,101983,B,A,13/01/17 17:56
13261722852,25199876,186412,B,A,18/01/17 11:04
13172528259,5520023,10868,B,A,16/01/17 16:30
13066908452,10317986,10772,B,A,29/12/16 18:05
13036539395,34887522,3367,B,A,27/12/16 09:17
13120572967,29171559,25440,B,A,04/01/17 11:27
13314314734,20251320,37653,B,A,23/01/17 17:22
13278665885,37551761,9566,B,A,19/01/17 15:08
13164543334,33490745,68865,B,A,08/01/17 09:40
13325563646,37917697,2079,B,A,27/01/17 13:26
13154212567,37393165,53795,B,A,07/01/17 10:04
13041153695,4680899,126360,B,A,27/12/16 13:15
13296463259,32716020,30613,B,A,21/01/17 10:03
13301970875,37044119,20414,B,A,21/01/17 16:40
13313684113,29435497,132199,B,A,26/01/17 12:47
13246561585,4846188,127568,B,A,16/01/17 18:04
13287870452,31649584,8422,B,A,20/01/17 12:47
13338165763,25420760,41050,B,A,24/01/17 20:43
13192508895,6880485,2213,B,A,10/01/17 20:46
13265034195,37737732,43,B,A,18/01/17 12:37
13187582434,37484044,1148,B,A,10/01/17 14:38
13146411175,31831172,74731,B,A,06/01/17 17:00
13159704867,9065213,41418,B,A,07/01/17 17:17
13334392095,37247005,7012,B,A,24/01/17 16:08
13240917759,28316696,31598,B,A,16/01/17 10:08
13239834346,23647738,179133,B,A,16/01/17 10:21
13205670875,37553759,10365,B,A,12/01/17 13:10
13326705852,37916911,10979,B,A,24/01/17 15:36
13257960834,11937114,7588,B,A,17/01/17 17:58
13056843663,6914142,3918,B,A,28/12/16 18:59
13099875667,8206809,167012,B,A,02/01/17 14:49
13208280659,1858925,114030,B,A,12/01/17 13:29
13147121967,25866072,43355,B,A,06/01/17 15:29
13365943359,4048191,32044,B,A,27/01/17 11:24
13316063985,33899195,20681,B,A,23/01/17 09:09
13402087959,12701658,43849,B,A,30/01/17 14:50
13013747546,18716317,187210,B,A,24/12/16 13:30
13144298675,35482240,11203,B,A,06/01/17 13:23
13308081667,11000817,9356,B,A,22/01/17 10:18
13351997867,37395870,49958,B,A,26/01/17 11:47
13363509575,33469575,1560,B,A,27/01/17 11:06
13174073259,37003218,23798,B,A,09/01/17 11:04
13163955159,19723054,38981,B,A,08/01/17 10:53
13078661513,4981589,68057,B,A,30/12/16 19:45
13198900863,33965967,3049,B,A,11/01/17 15:00
13345030034,36758715,36357,B,A,25/01/17 13:46
13069606646,37040884,180779,B,A,30/12/16 13:02
13320399063,37820608,142159,B,A,23/01/17 15:10
13010355795,36956264,28310,B,A,24/12/16 10:31
13364908795,11457293,190,B,A,27/01/17 09:57
13368717695,34465522,7000,B,A,27/01/17 15:52
13379018763,28765940,148686,B,A,28/01/17 12:08
13283064152,23883295,20460,B,A,20/01/17 12:46
13237971675,37342247,137910,B,A,15/01/17 20:02
13363948985,38025002,2123,B,A,27/01/17 10:11
13175728363,10148307,1274,B,A,09/01/17 13:03
13321050885,4702099,69876,B,A,23/01/17 16:12
13188686895,3079137,73152,B,A,10/01/17 14:57
13194732859,23632692,88412,B,A,11/01/17 16:20
13177779967,4241880,4061,B,A,09/01/17 17:18
13242765446,15591217,160893,B,A,16/01/17 12:55
13143429863,35257815,150663,B,A,06/01/17 10:53
13021833675,14281925,84321,B,A,25/12/16 10:52
13028304585,13926419,107097,B,A,26/12/16 09:28
13331333985,32959596,24782,B,A,24/01/17 12:57
13151508546,3127852,181647,B,A,08/01/17 15:10
13360467663,12854366,40321,B,A,26/01/17 19:33
13222147475,20187722,11279,B,A,13/01/17 19:56
13212807534,15107877,114012,B,A,12/01/17 19:52
13197959852,16393194,10822,B,A,11/01/17 13:34
13069629163,29028722,25364,B,A,01/01/17 11:21
13290315052,37810870,80141,B,A,20/01/17 16:02
13059407052,3576374,2468,B,A,29/12/16 13:12
13172573846,37449489,185217,B,A,09/01/17 13:39
13023248075,21024083,34118,B,A,25/12/16 13:43
13179941346,32175085,36251,B,A,09/01/17 18:45
13099887413,24597518,265,B,A,02/01/17 14:50
13200396534,37173289,35341,B,A,11/01/17 16:50
13221861975,34952805,167614,B,A,13/01/17 19:20
13267802046,23981667,1735,B,A,19/01/17 10:52
13222941467,6975893,94562,B,A,14/01/17 12:55
13138160467,26752122,31312,B,A,05/01/17 18:45
13177947067,21454164,84176,B,A,09/01/17 17:48
13147054385,31797219,142436,B,A,06/01/17 15:21
13239479185,2591646,3523,B,A,16/01/17 13:07
13176098195,10002749,18623,B,A,09/01/17 13:29
13250499413,36172273,181717,B,A,17/01/17 10:30
13048132395,37071314,16805,B,A,30/12/16 12:43
13053248546,37087081,169535,B,A,28/12/16 14:57
13149074285,31099238,80226,B,A,12/01/17 16:55
13251778852,30247909,163413,B,A,17/01/17 17:56
13274901334,28146920,90166,B,A,19/01/17 10:35
13245599195,8517394,52844,B,A,16/01/17 16:44
13234518952,26952892,12570,B,A,16/01/17 10:52
13286522759,36748671,181647,B,A,20/01/17 11:05
13271303259,12897162,114352,B,A,19/01/17 12:59
13066430546,9814642,20565,B,A,29/12/16 17:27
13299460867,11208121,166431,B,A,21/01/17 13:13
13062356695,34497627,35734,B,A,29/12/16 12:16
13244725163,31218183,148663,B,A,17/01/17 11:25
13224134285,18784920,28858,B,A,14/01/17 11:26
12997096195,36848542,153764,B,A,24/12/16 17:06
13180963795,10088881,268,B,A,09/01/17 19:55
13097495663,16382515,178046,B,A,02/01/17 12:04
13063948875,37116403,3969,B,A,29/12/16 14:15
13114552795,20930745,184157,B,A,03/01/17 18:07
13252413113,24637514,186408,B,A,17/01/17 11:33
13008275567,11202378,126200,B,A,25/12/16 12:44
13298411285,37112195,11144,B,A,21/01/17 12:03
13091383334,15313363,6041,B,A,01/01/17 15:00
13168970063,24923756,139612,B,A,08/01/17 17:32
13156596295,9911532,3351,B,A,07/01/17 13:16
13226926963,7158998,2114,B,A,14/01/17 13:21
13269747063,25876949,65125,B,A,18/01/17 18:38
13126833834,36289770,9484,B,A,07/01/17 17:37
13020876263,9934284,113848,B,A,25/12/16 10:00
13150972695,31194423,33355,B,A,06/01/17 21:01
13183635063,36950594,6625,B,A,10/01/17 13:16
13231190195,37584114,78088,B,A,15/01/17 12:22
13093736652,13110286,44091,B,A,01/01/17 20:59
13193174963,19377060,15635,B,A,11/01/17 11:59
13243714713,4865929,40997,B,A,17/01/17 11:47
13194211263,34670007,154708,B,A,15/01/17 15:42
13149571452,36211407,24132,B,A,06/01/17 18:37
13246929467,37682251,11611,B,A,16/01/17 18:41
13082416252,14556622,186199,B,A,31/12/16 10:52
13177322434,37464739,180492,B,A,09/01/17 15:01
13251898567,37699050,5709,B,A,17/01/17 10:52
13298162067,35228694,42551,B,A,21/01/17 11:38
13272855513,34438134,42857,B,A,19/01/17 11:52
13265591613,36939907,37543,B,A,18/01/17 16:55
13268731263,37732247,106236,B,A,20/01/17 13:52
13297475734,6595283,16826,B,A,21/01/17 12:53
13175090513,4458298,1107,B,A,09/01/17 12:20
13296349695,32583897,181982,B,A,21/01/17 10:42
13092867459,36907592,5387,B,A,01/01/17 18:41
13228003713,11491172,80147,B,A,14/01/17 15:16
13160913752,6137095,177830,B,A,07/01/17 19:09
13283391495,27997450,38599,B,A,20/01/17 12:55
13242525967,37654091,179912,B,A,16/01/17 12:39
13221593463,37604519,10001,B,A,14/01/17 14:11
13045725095,13795771,149041,B,A,27/12/16 19:05
13147584063,35210964,126321,B,A,06/01/17 15:58
13101107067,37232453,10602,B,A,02/01/17 16:15
13093589395,33713395,69346,B,A,01/01/17 20:34
13179475534,9740935,7623,B,A,09/01/17 17:34
13217320759,2257818,127342,B,A,13/01/17 11:49
13195716534,31692723,16399,B,A,11/01/17 10:39
13197641267,31581401,183704,B,A,14/01/17 19:01
13250061452,26942804,33033,B,A,17/01/17 18:41
13139837359,26245176,1223,B,A,11/01/17 15:59
13194028859,28015001,138650,B,A,11/01/17 10:53
13179192575,37470540,28233,B,A,10/01/17 17:33
13115643563,20734542,25203,B,A,03/01/17 19:48
13186806252,36779284,3346,B,A,10/01/17 12:39
13041409213,36982173,22780,B,A,27/12/16 13:27
13227563713,37387887,20730,B,A,15/01/17 18:16
13147400152,12434354,133826,B,A,06/01/17 16:23
13137178446,32990502,37342,B,A,05/01/17 17:20
13203528575,37548015,6472,B,A,12/01/17 11:32
13238176652,29040321,6721,B,A,15/01/17 20:29
13157226563,35949691,41013,B,A,07/01/17 14:01
13068472085,27939134,139337,B,A,30/12/16 15:57
13247068475,12944006,185514,B,A,16/01/17 18:54
13131256152,13932485,21914,B,A,05/01/17 09:23
13070377075,24766692,32243,B,A,30/12/16 10:51
13151812067,28416951,1861,B,A,07/01/17 13:11
13110960375,11730314,32570,B,A,03/01/17 13:58
13249362585,37095047,28310,B,A,17/01/17 13:10
13248089752,20189287,85665,B,A,18/01/17 12:01
13252178034,35686173,41062,B,A,17/01/17 11:12
13300292675,30861596,28675,B,A,21/01/17 14:17
13231816467,5200085,12793,B,A,15/01/17 11:53
13193143767,37414242,117904,B,A,11/01/17 12:00
13046182275,37066306,134225,B,A,28/12/16 17:15
13185481567,36840481,151865,B,A,10/01/17 11:01
13234520195,30174430,32982,B,A,15/01/17 12:26
13245987585,22929423,21384,B,A,16/01/17 17:17
13169029313,36151650,118704,B,A,08/01/17 17:43
13061628252,31843138,2228,B,A,29/12/16 18:39
13241245295,34509201,3706,B,A,16/01/17 10:46
13266140759,37712600,12833,B,A,18/01/17 13:57
13274261467,37765400,161168,B,A,19/01/17 09:23
13190145475,10825398,43603,B,A,10/01/17 16:51
13194572985,37516751,184984,B,A,11/01/17 10:12
13037619652,29205518,181717,B,A,27/12/16 11:13
13201727875,12930927,41110,B,A,11/01/17 18:43
13048836259,23986412,180800,B,A,28/12/16 10:47
13044259163,36363538,121127,B,A,27/12/16 17:02
13298144363,9384322,1350,B,A,21/01/17 11:36
13282011634,5490390,177031,B,A,19/01/17 19:41
13233560275,37332668,95589,B,A,15/01/17 10:11
13153500046,11261219,24449,B,A,07/01/17 10:15
13274910075,37524579,4604,B,A,19/01/17 10:34
13271209467,7923042,42234,B,A,20/01/17 14:33
13059789685,13341886,148298,B,A,29/12/16 16:49
13260494652,5393366,9128,B,A,18/01/17 17:15
13246381759,13910449,4011,B,A,16/01/17 17:48
13203791959,27820043,80631,B,A,12/01/17 11:11
13155245859,12907236,41556,B,A,07/01/17 11:40
13206790795,37557381,3370,B,A,15/01/17 14:14
13025919275,36589858,143826,B,A,25/12/16 20:12
13155892746,37259740,21134,B,A,07/01/17 12:27
13095700567,7870618,16212,B,A,02/01/17 09:32
13205458113,9924894,8774,B,A,12/01/17 09:43
13210426885,37568843,43482,B,A,12/01/17 16:09
13169827446,37216442,3993,B,A,08/01/17 19:17
13135438952,37323470,25557,B,A,05/01/17 15:45
13222312875,6557530,9420,B,A,14/01/17 13:37
13069645159,12942523,43534,B,A,30/12/16 12:22
13089617367,17287889,181948,B,A,01/01/17 10:10
13230749685,37632820,37335,B,A,14/01/17 20:31
13043577813,16320429,141270,B,A,27/12/16 16:22
13121390359,2643176,43516,B,A,04/01/17 12:22
13137105446,23206659,3367,B,A,05/01/17 17:16
13110979213,16514610,8149,B,A,03/01/17 13:58
13149832795,25244303,139241,B,A,06/01/17 19:04
13167316359,35528534,13592,B,A,08/01/17 14:23
13090896034,36183100,1065,B,A,01/01/17 17:27
13219393913,37573912,8912,B,A,13/01/17 15:36
13131528085,37322875,8645,B,A,05/01/17 09:37
13095546634,14404933,5126,B,A,02/01/17 10:49
13100189695,36111796,7123,B,A,02/01/17 15:08
13260087959,28020775,49938,B,A,19/01/17 13:37
13152429959,1117555,3300,B,A,07/01/17 12:01
13140254875,37351515,6723,B,A,06/01/17 12:06
13038014234,8476660,30784,B,A,27/12/16 17:55
13214041013,37579403,1454,B,A,13/01/17 10:47
13087406013,35207179,180411,B,A,31/12/16 19:33
13118087813,12696172,22441,B,A,04/01/17 13:03
13195188952,10576783,11133,B,A,11/01/17 09:36
13094756667,37208192,15386,B,A,02/01/17 12:31
13222751959,37607661,7588,B,A,14/01/17 13:08
13225801659,37505149,4209,B,A,14/01/17 11:26
13204090752,4745473,6071,B,A,12/01/17 11:18
13010318952,29159001,35641,B,A,24/12/16 10:31
13235711863,37334533,127384,B,A,15/01/17 14:56
13171144585,14386281,11850,B,A,10/01/17 17:48
13274204085,4682777,1072,B,A,19/01/17 09:11
13237599059,4792457,40822,B,A,16/01/17 18:31
13119619534,37287510,167012,B,A,04/01/17 09:59
13102008067,14995271,43200,B,A,02/01/17 17:22
13185019685,30693768,38980,B,A,10/01/17 16:57
13124386859,37302264,65576,B,A,04/01/17 16:22
13285090646,22247078,185919,B,A,20/01/17 10:35
13280503795,15850806,13313,B,A,19/01/17 19:07
13014599685,15565154,2985,B,A,24/12/16 14:40
13107788075,37251471,2298,B,A,03/01/17 10:24
13219686195,37597560,960,B,A,13/01/17 15:31
13205076913,37248797,3301,B,A,12/01/17 14:30
13155322475,13855279,8422,B,A,07/01/17 11:46
13036252852,16666427,20200,B,A,27/12/16 12:11
13289704185,35819685,24635,B,A,20/01/17 15:15
13100395795,3106589,11793,B,A,02/01/17 16:26
13193239395,37447168,2468,B,A,11/01/17 12:22
13070096395,37139633,38357,B,A,30/12/16 11:59
12947457513,2121075,33647,B,A,18/12/16 13:41
13153904952,28519711,86099,B,A,07/01/17 09:25
13272599467,37760558,95589,B,A,19/01/17 12:04
13110283763,29314461,169584,B,A,03/01/17 13:15
13284248663,34922535,6651,B,A,20/01/17 10:56
13234316759,37436081,2123,B,A,15/01/17 12:03
13075359063,32319594,1484,B,A,30/12/16 15:11
13137996746,37343070,177472,B,A,12/01/17 14:30
13180013163,4350723,149949,B,A,09/01/17 18:21
13012485485,2548855,1565,B,A,24/12/16 12:00
13210195146,33500603,148589,B,A,12/01/17 17:06
13089665563,36938020,144763,B,A,01/01/17 10:20
13263009185,27009638,33617,B,A,18/01/17 09:41
13241018475,26999149,166974,B,A,16/01/17 10:24
13157731685,9899071,139792,B,A,07/01/17 14:39
13224369313,37612624,32315,B,A,14/01/17 13:33
13260316467,37695538,156792,B,A,18/01/17 13:34
13150004295,22911185,88372,B,A,06/01/17 19:15
13157013559,2937103,38279,B,A,07/01/17 13:49
13037506263,33164152,133826,B,A,01/01/17 16:11
13181358259,37476846,148159,B,A,09/01/17 20:27
13293926352,26797836,17054,B,A,21/01/17 15:48
13133849163,37194446,28406,B,A,05/01/17 13:00
13153636167,35986141,25543,B,A,07/01/17 09:49
13268290075,37747699,181842,B,A,19/01/17 11:00
13242065213,37516494,5081,B,A,16/01/17 12:01
13083015752,36519109,181087,B,A,31/12/16 11:48
13112014659,15892884,147153,B,A,03/01/17 15:10
13018999367,24290268,18682,B,A,25/12/16 12:13
13021786546,36982437,10491,B,A,25/12/16 10:43
13119449467,31385762,26224,B,A,04/01/17 09:44
13216999067,25604749,157714,B,A,18/01/17 13:14
12990932934,24751412,24750,B,A,22/12/16 12:43
13075342775,16634502,138002,B,A,30/12/16 15:13
13160753367,37412859,39959,B,A,07/01/17 18:55
13250642775,19250024,154305,B,A,17/01/17 09:49
13096928995,16438328,670,B,A,02/01/17 11:13
13205866246,11178006,73739,B,A,12/01/17 09:35
13076902695,36002361,39429,B,A,30/12/16 16:59
13118373052,4912936,168685,B,A,04/01/17 12:33
13129731063,37317980,10615,B,A,05/01/17 14:42
13157093963,20603880,179011,B,A,07/01/17 13:54
13285429746,6601746,22588,B,A,20/01/17 10:03
13182715063,33881803,3994,B,A,10/01/17 12:54
13252499785,993069,42521,B,A,20/01/17 16:34
13173585767,28101434,2416,B,A,09/01/17 10:15
13161915695,37416383,183630,B,A,07/01/17 20:51
13183725552,37484584,12674,B,A,10/01/17 13:09
13212862159,33469151,100322,B,A,13/01/17 13:19
13140820663,608038,78827,B,A,12/01/17 16:52
13303515563,37844888,11269,B,A,21/01/17 19:17
13047706795,37035277,37347,B,A,29/12/16 18:35
13239829985,31463791,68551,B,A,16/01/17 10:28
13225072163,37614572,1486,B,A,17/01/17 15:27
13129984963,28120968,43170,B,A,05/01/17 15:15
13281464052,37306904,56183,B,A,20/01/17 11:39
13278325346,8328881,12022,B,A,20/01/17 13:34
13211914713,28258816,147,B,A,12/01/17 18:22
13136971467,36447287,1274,B,A,05/01/17 17:06
13089613734,7756517,179857,B,A,01/01/17 10:07
13025400375,35115537,102009,B,A,25/12/16 18:36
13135388095,37329220,6242,B,A,05/01/17 15:41
13173310059,23569474,40514,B,A,13/01/17 15:52
13064149559,7923529,202,B,A,29/12/16 14:28
13252733885,25074157,951,B,A,17/01/17 11:57
13223996913,37158217,158308,B,A,14/01/17 11:50
13080300752,13540362,179634,B,A,31/12/16 10:46
13156314046,31102994,138962,B,A,07/01/17 12:57
13160256513,35584602,180303,B,A,07/01/17 18:07
13135385375,31701128,20423,B,A,05/01/17 15:40
13103856534,37234457,29670,B,A,04/01/17 11:34
13262958434,34095210,9880,B,A,18/01/17 10:38
12987772434,7331590,11537,B,A,22/12/16 12:23
13183371495,13851883,26843,B,A,10/01/17 13:37
13275984034,4927686,34421,B,A,20/01/17 14:18
13231364463,25842076,2032,B,A,15/01/17 12:13
13080766559,36985071,5004,B,A,31/12/16 10:48
13301076359,37844257,23061,B,A,21/01/17 15:23
13100505834,34632537,29937,B,A,02/01/17 16:09
13025135263,4772876,37340,B,A,25/12/16 20:33
13243928759,37446310,1872,B,A,16/01/17 14:31
13211248875,20495776,11734,B,A,12/01/17 17:20
13267537859,36231474,11142,B,A,18/01/17 15:43
13238884563,14514290,73676,B,A,16/01/17 09:16
13162175052,36939183,33838,B,A,08/01/17 13:52
13166764034,24215363,28310,B,A,08/01/17 13:23
13258093759,33819365,3469,B,A,17/01/17 18:09
13127313063,32829529,156978,B,A,04/01/17 19:24
13237135485,22178521,169088,B,A,15/01/17 18:12
13143435185,16375997,8645,B,A,06/01/17 10:54
13176171367,31129755,9894,B,A,09/01/17 13:36
13248997467,15639501,139629,B,A,17/01/17 12:53
13276028495,37334147,42517,B,A,19/01/17 12:05
13287317852,12632835,42963,B,A,20/01/17 12:08
13021496559,36479672,6495,B,A,25/12/16 10:01
13210913867,6725,80403,B,A,12/01/17 16:52
13022532634,2228140,33958,B,A,25/12/16 12:18
13230510775,12234616,41329,B,A,14/01/17 19:59
13265072513,11337746,13467,B,A,18/01/17 12:43
13301722046,1596706,11125,B,A,21/01/17 16:14
13231377652,37633259,143111,B,A,15/01/17 13:21
13298138863,37835046,162560,B,A,21/01/17 17:43
13228614995,28800766,95592,B,A,15/01/17 10:49
13123653567,36901185,25141,B,A,04/01/17 14:55
13089574875,2629365,393,B,A,01/01/17 09:55
13085009563,22875373,28928,B,A,31/12/16 14:56
13242305552,30212510,30754,B,A,16/01/17 12:24
13241728813,24302799,154893,B,A,16/01/17 11:32
13211865213,25931759,35652,B,A,13/01/17 11:18
13269007334,36712087,120950,B,A,18/01/17 17:30
13178473746,25783122,183217,B,A,10/01/17 15:15
13071367567,24032967,1205,B,A,30/12/16 09:14
13262570213,29273887,33425,B,A,18/01/17 09:44
13203657375,15939882,32848,B,A,12/01/17 11:30
13083114975,14318585,10042,B,A,31/12/16 12:02
13197919385,23990606,132209,B,A,11/01/17 13:28
13204993885,16376245,9993,B,A,12/01/17 10:11
13253330013,35605014,179622,B,A,17/01/17 12:40
13294435463,5620060,176790,B,A,21/01/17 12:51
13158052052,32775156,131719,B,A,07/01/17 15:06
13039816813,37047315,73042,B,A,27/12/16 11:40
13237092275,34786878,13405,B,A,15/01/17 18:05
13216724034,16695845,178727,B,A,13/01/17 10:52
13143434395,18713594,7252,B,A,07/01/17 15:16
13232737752,37638352,1617,B,A,15/01/17 12:27
13268642895,11980855,41418,B,A,18/01/17 17:07
13123941559,36965001,180548,B,A,04/01/17 15:14
13244691434,28642292,105933,B,A,16/01/17 15:32
13263366634,37732489,31122,B,A,18/01/17 10:25
13039725295,22274639,15860,B,A,27/12/16 11:26
13295575252,18825121,10550,B,A,21/01/17 11:54
13279083552,14384502,40475,B,A,19/01/17 15:42
13231901913,6833651,9916,B,A,15/01/17 11:48
13073985867,37080208,180800,B,A,31/12/16 16:06
13271329013,11192298,4568,B,A,19/01/17 13:24
13167097346,37432073,289,B,A,08/01/17 13:58
13197322867,4346797,143193,B,A,11/01/17 12:45
13197107567,23676650,2583,B,A,11/01/17 12:36
13258196395,30042890,4926,B,A,17/01/17 18:20
13109356213,36135145,35738,B,A,03/01/17 12:16
13173384446,28262046,10609,B,A,09/01/17 11:10
13244856085,37677846,39215,B,A,20/01/17 13:39
13183049546,22871395,25052,B,A,14/01/17 16:51
13191296813,9384272,27066,B,A,10/01/17 18:34
13233647513,36091788,7249,B,A,15/01/17 10:26
13263341285,28718480,26854,B,A,18/01/17 10:22
13203514513,37448653,13334,B,A,12/01/17 11:35
13178750063,23777364,73207,B,A,09/01/17 16:43
13301374459,8838868,181550,B,A,21/01/17 15:43
13207208513,21613755,185485,B,A,15/01/17 14:33
13233181567,37395870,166913,B,A,15/01/17 09:25
13087300159,24237810,144918,B,A,31/12/16 19:14
13231495785,36682442,10849,B,A,16/01/17 14:57
13220160167,12455868,179239,B,A,13/01/17 16:21
13196999095,32882451,32140,B,A,11/01/17 12:24
13095967559,10580657,136052,B,A,02/01/17 09:36
13263801352,20532661,177336,B,A,18/01/17 11:03
13186190734,8055029,88130,B,A,10/01/17 11:56
13052713095,18949201,45789,B,A,28/12/16 13:28
13030161246,33036140,101121,B,A,26/12/16 12:11
13213823075,19402654,84996,B,A,13/01/17 12:24
13070468775,37140715,37335,B,A,30/12/16 16:17
13144726885,37363045,184308,B,A,06/01/17 12:29
13020255713,36890247,23566,B,A,25/12/16 10:53
13271332334,36543132,305,B,A,19/01/17 12:59
13164871567,7403900,8193,B,A,08/01/17 09:46
12982007959,10967256,27248,B,A,21/12/16 15:35
13164561763,19348610,98668,B,A,09/01/17 18:02
13013162567,5239390,185681,B,A,24/12/16 12:46
13081676546,14572290,650,B,A,31/12/16 09:06
13129608059,21931808,10017,B,A,05/01/17 12:41
13287766946,29788916,2209,B,A,20/01/17 12:40
13114573252,7311993,158205,B,A,03/01/17 18:08
13172765595,37450200,146972,B,A,09/01/17 13:24
13145526485,37294931,159855,B,A,06/01/17 13:25
13118651567,28875876,49853,B,A,04/01/17 16:26
13121709795,6091298,6036,B,A,05/01/17 10:34
13171537859,29805857,53346,B,A,10/01/17 17:18
13126796759,16577316,8367,B,A,04/01/17 18:37
13216767763,10697802,33646,B,A,13/01/17 10:56
13219434885,37596993,88040,B,A,13/01/17 15:14
12997406946,35037536,8605,B,A,24/12/16 12:27
13060853375,15386724,7147,B,A,29/12/16 09:58
13051501134,8900953,143905,B,A,28/12/16 12:10
13218664585,32160995,5790,B,A,13/01/17 13:52
13066693095,36937682,181078,B,A,29/12/16 17:46
13063737759,11152589,23078,B,A,29/12/16 13:55
13119942195,35864609,181150,B,A,04/01/17 10:33
13098505985,36034339,3918,B,A,02/01/17 13:11
13038264667,34924616,187160,B,A,27/12/16 09:40
13170051159,32600159,2046,B,A,11/01/17 13:48
13274973067,2761834,36401,B,A,19/01/17 10:41
13250337034,29895581,141772,B,A,17/01/17 10:40
13232116367,25826709,157070,B,A,15/01/17 11:32
13283758285,37792975,104066,B,A,20/01/17 12:16
13153757352,37391784,2083,B,A,07/01/17 09:07
13231162359,36814956,78261,B,A,15/01/17 12:17
13158821213,36874064,1580,B,A,07/01/17 16:06
13012772463,9612831,35673,B,A,24/12/16 12:18
13132704767,20187812,1223,B,A,05/01/17 11:31
13029994367,9472488,155042,B,A,26/12/16 11:56
13024032863,35584380,42489,B,A,25/12/16 17:07
13250783359,6700206,122504,B,A,17/01/17 10:03
13275126534,11124950,148393,B,A,19/01/17 11:00
13038733195,34358234,1023,B,A,27/12/16 09:38
13161795267,7772182,159770,B,A,13/01/17 13:41
13285754252,14858725,107088,B,A,20/01/17 09:31
13257587285,37322745,5053,B,A,17/01/17 17:46
13209971395,19516458,4378,B,A,12/01/17 15:36
13166479785,36396048,30232,B,A,13/01/17 13:27
13212243446,23614897,8121,B,A,12/01/17 18:55
13285313413,8910296,81091,B,A,20/01/17 09:48
13194876646,36545242,147,B,A,11/01/17 09:38
13033840185,37027337,22760,B,A,26/12/16 17:20
13090048813,34100897,24156,B,A,01/01/17 12:01
13012479595,15221536,11333,B,A,24/12/16 11:55
13024291113,32877457,34390,B,A,25/12/16 16:04
13161769163,37069269,8149,B,A,09/01/17 14:02
13171087567,37445284,37804,B,A,09/01/17 12:46
13139536052,36241188,25424,B,A,05/01/17 20:50
13084333652,37167178,44070,B,A,31/12/16 13:57
13263040234,23160660,178409,B,A,18/01/17 09:45
13246509495,37683304,11996,B,A,16/01/17 18:03
13266432775,36058849,8696,B,A,18/01/17 14:23
13097666585,29645098,81132,B,A,02/01/17 12:08
13204295685,37341060,166461,B,A,12/01/17 15:08
13159582752,37338968,151252,B,A,07/01/17 17:06
13257004695,37714116,1731,B,A,17/01/17 16:47
13244056075,16454488,45789,B,A,17/01/17 11:38
13212232685,14652667,27591,B,A,12/01/17 18:53
13276604363,14887187,25678,B,A,19/01/17 12:42
13070354146,5671642,11285,B,A,30/12/16 19:46
13176766367,37463023,1876,B,A,09/01/17 18:54
13181864095,31969284,114283,B,A,10/01/17 16:15
13192151975,37441607,19,B,A,10/01/17 20:03
13236883395,37643333,183725,B,A,16/01/17 10:42
13269855946,31850989,5107,B,A,18/01/17 18:44
13302068963,37847433,182537,B,A,21/01/17 16:43
13240228459,33731267,181766,B,A,18/01/17 15:30
13157515575,21525659,80196,B,A,07/01/17 14:26
13188636634,32529609,68421,B,A,10/01/17 14:55
13166841646,24017747,23941,B,A,08/01/17 13:34
13300249763,18775646,154081,B,A,21/01/17 14:14
13180607595,37475166,26991,B,A,09/01/17 19:16
13191137185,23418774,6112,B,A,10/01/17 18:18
13267012995,2186854,4107,B,A,18/01/17 15:06
13045715246,14114670,147365,B,A,27/12/16 19:07
13176174752,4779328,68536,B,A,09/01/17 13:35
13298847163,24681864,149713,B,A,21/01/17 12:29
13154573559,9361539,3878,B,A,07/01/17 10:41
13229851763,13937659,863,B,A,14/01/17 18:47
13197650534,8376305,3003,B,A,11/01/17 13:08
13108871267,30966400,29816,B,A,03/01/17 11:44
13069543095,29809364,27394,B,A,30/12/16 13:08
13076195852,17005039,131618,B,A,30/12/16 16:09
13163471795,37418051,8673,B,A,08/01/17 11:12
13021331885,24936971,6651,B,A,25/12/16 09:38
13072626563,33940569,482,B,A,30/12/16 11:28
13234775434,30149015,150712,B,A,15/01/17 12:59
13262033413,3436988,100350,B,A,18/01/17 10:48
13222829063,22022378,43491,B,A,14/01/17 13:03
13081330852,31520093,95589,B,A,31/12/16 10:13
13208841946,11298014,95333,B,A,12/01/17 14:20
13213177963,16587221,43681,B,A,13/01/17 11:09
13297082967,37831118,140861,B,A,21/01/17 09:27
13084216185,36642126,22093,B,A,31/12/16 13:35
13247256234,8185610,116570,B,A,20/01/17 13:38
13121431075,30257670,141747,B,A,04/01/17 12:23
13271224452,25384559,18682,B,A,19/01/17 13:11
13144053875,24435153,43988,B,A,06/01/17 11:44
13290642552,26559579,834,B,A,20/01/17 16:21
13262498746,37730008,142329,B,A,18/01/17 09:58
13145512475,22250196,5560,B,A,06/01/17 13:23
13038569546,10386378,177794,B,A,27/12/16 09:14
13054200067,599243,181628,B,A,30/12/16 10:19
13296247313,37758176,2420,B,A,21/01/17 16:24
13200272195,37537826,35207,B,A,11/01/17 16:40
13020853313,7249421,8850,B,A,25/12/16 11:04
13022243734,24872479,108928,B,A,25/12/16 11:41
13222546275,3417025,117751,B,A,16/01/17 17:35
13043486113,34560238,34917,B,A,29/12/16 18:06
13107294963,37250707,101135,B,A,03/01/17 09:16
13207882667,37559813,4979,B,A,13/01/17 14:42
13224164246,19197660,7046,B,A,14/01/17 13:23
13011467767,32542594,144,B,A,24/12/16 10:26
13277090695,37736101,53102,B,A,19/01/17 13:12
13052920867,12641503,134160,B,A,28/12/16 13:57
13239850595,37263161,25540,B,A,16/01/17 10:27
12972492467,36777388,5719,B,A,20/12/16 16:58
13064420867,10809080,73508,B,A,29/12/16 14:52
13190737395,3327766,114266,B,A,10/01/17 17:42
13215803113,37554417,8590,B,A,14/01/17 09:06
13163357775,24810257,41647,B,A,08/01/17 11:53
13173260759,3299897,36891,B,A,16/01/17 16:06
12994821385,28039535,36849,B,A,26/12/16 13:10
13133661159,34960647,2370,B,A,05/01/17 12:40
13139712885,12467616,31122,B,A,11/01/17 16:32
13212265463,30564179,32986,B,A,18/01/17 14:09
13158016595,28348243,98,B,A,13/01/17 11:55
13168696459,26921468,26596,B,A,13/01/17 14:43
13283807463,6208899,10512,B,A,20/01/17 12:13
13219519059,27650334,129977,B,A,13/01/17 15:19
13152382195,37387887,4227,B,A,07/01/17 12:07
13197658275,22058318,4825,B,A,11/01/17 13:09
13174539367,25575201,160376,B,A,09/01/17 11:43
13262176152,6608817,105919,B,A,21/01/17 17:29
13049306485,4701730,27243,B,A,28/12/16 10:41
13119118075,18781236,37342,B,A,04/01/17 09:39
13021519952,36620206,179098,B,A,25/12/16 10:04
13262581146,32823812,15699,B,A,18/01/17 09:52
13239344295,11607316,26562,B,A,16/01/17 11:33
13224686846,10971345,181583,B,A,14/01/17 09:58
13267463152,3592172,36067,B,A,18/01/17 15:36
13288633459,16037900,181936,B,A,20/01/17 13:55
13039765285,27906027,9829,B,A,27/12/16 11:28
13095247763,11519059,11270,B,A,02/01/17 10:27
12977141413,36843169,85957,B,A,21/12/16 09:55
13257671485,2563529,162768,B,A,17/01/17 17:39
13175685759,9007332,142726,B,A,14/01/17 14:51
13121579959,11935253,156916,B,A,04/01/17 12:37
13116884652,23948477,25054,B,A,04/01/17 13:50
13205256546,35120471,123794,B,A,12/01/17 09:59
13170948734,35120383,132039,B,A,10/01/17 17:47
13209706675,36301701,68473,B,A,12/01/17 15:23
13205929146,34100897,30353,B,A,12/01/17 09:45
13291562146,24241710,137447,B,A,21/01/17 11:31
13243635375,35037851,50569,B,A,16/01/17 14:07
13079077213,37166210,137326,B,A,31/12/16 12:27
13242510063,37374669,1427,B,A,16/01/17 12:37
13143727552,20984955,3769,B,A,06/01/17 11:18
13201440434,21238079,18364,B,A,11/01/17 18:19
12951707946,29874879,9299,B,A,18/12/16 14:06
13181364152,16487067,181557,B,A,09/01/17 20:26
13205711585,3045748,32249,B,A,12/01/17 09:14
13048335763,37072167,143446,B,A,29/12/16 17:31
13201230346,28289553,180561,B,A,11/01/17 17:55
13120732085,32768704,15376,B,A,05/01/17 13:57
13233000859,36676161,41235,B,A,15/01/17 09:54
13148583995,10377164,44091,B,A,06/01/17 17:13
13045987663,32756030,1796,B,A,27/12/16 19:29
13086655452,18750133,30229,B,A,31/12/16 17:45
13011098113,30535490,4275,B,A,24/12/16 09:41
13168236075,34699529,25059,B,A,08/01/17 16:09
13267598546,12488399,27766,B,A,18/01/17 15:46
13239278552,10396711,5653,B,A,16/01/17 11:41
13034981134,11792516,25334,B,A,26/12/16 18:53
13072103085,35557768,29029,B,A,30/12/16 10:44
13203758213,36086904,10622,B,A,15/01/17 14:17
13158556352,7438477,6624,B,A,07/01/17 15:44
13022634863,31561091,138334,B,A,25/12/16 12:31
13285528252,37243878,1669,B,A,20/01/17 09:37
13168229167,15350431,38228,B,A,08/01/17 16:05
13193361859,36899274,20712,B,A,11/01/17 12:12
13187829875,29915610,37773,B,A,10/01/17 13:53
13131388659,2188040,106032,B,A,05/01/17 09:18
13176107959,37203323,39917,B,A,09/01/17 14:06
13038562059,36778777,141,B,A,27/12/16 09:11
13104077846,37217453,119167,B,A,02/01/17 20:26
13259671467,37460593,147229,B,A,19/01/17 13:53
13027916995,22580023,84571,B,A,26/12/16 10:26
13030947134,35791639,26343,B,A,26/12/16 13:14
13192128434,19278480,55981,B,A,10/01/17 20:01
13252803252,3387487,25057,B,A,17/01/17 12:02
13049396163,6519546,38981,B,A,28/12/16 09:50
13169986595,7101763,138962,B,A,08/01/17 19:35
13208832552,37564301,180871,B,A,15/01/17 15:02
13214800552,29645283,10512,B,A,13/01/17 10:24
13017089967,26766099,4070,B,A,24/12/16 18:39
13294159052,33080744,487,B,A,21/01/17 13:01
13296544434,33400634,78396,B,A,21/01/17 09:56
13233201185,23368834,32182,B,A,15/01/17 09:15
13171216852,5910993,28041,B,A,10/01/17 17:40
13134709559,3348140,35969,B,A,05/01/17 14:24
13287818795,16540241,138243,B,A,20/01/17 14:19
13194678034,36435214,36887,B,A,11/01/17 10:01
13155246034,13593435,11044,B,A,07/01/17 11:39
13091406563,9933991,42598,B,A,01/01/17 14:52
13025887963,34027205,2296,B,A,25/12/16 19:41
13160698313,37386701,5814,B,A,07/01/17 18:47
13091242363,18228726,7668,B,A,01/01/17 14:29
13017249959,36729792,153478,B,A,24/12/16 18:18
13250388246,35838051,74006,B,A,17/01/17 16:16
13084666634,37182852,138540,B,A,31/12/16 14:24
13143091567,37351578,1794,B,A,06/01/17 10:21
13257405985,5912893,87696,B,A,17/01/17 17:17
13259250195,34112138,15678,B,A,17/01/17 19:49
13264584967,34419966,166865,B,A,18/01/17 12:08
13298162413,25844910,44852,B,A,21/01/17 11:36
13124383259,30813725,65631,B,A,04/01/17 15:47
13169021263,37438088,5884,B,A,08/01/17 17:42
13273425585,25099009,18299,B,A,19/01/17 10:42
13190753946,34026933,36555,B,A,10/01/17 17:43
13016143646,2922664,7623,B,A,24/12/16 16:39
13212092546,12844976,8191,B,A,12/01/17 18:55
13243933475,13266043,42707,B,A,16/01/17 14:32
13221322513,13004659,183690,B,A,17/01/17 17:00
13117443575,33321715,8460,B,A,04/01/17 12:49
13022779434,23895190,68536,B,A,25/12/16 12:55
13197793995,10954972,53235,B,A,15/01/17 12:31
13154040052,24401749,137695,B,A,07/01/17 09:43
13235699059,36599873,30710,B,A,15/01/17 14:55
13286656434,17773329,70054,B,A,20/01/17 11:16
13206193159,36334828,9282,B,A,15/01/17 13:53
13250983513,37296283,178700,B,A,17/01/17 09:36
13260689467,28892522,73043,B,A,18/01/17 17:10
13263062867,30768115,20529,B,A,18/01/17 09:46
13210852263,21361394,28800,B,A,12/01/17 16:47
13172953675,2507376,1068,B,A,09/01/17 12:59
13105706567,31204579,137523,B,A,03/01/17 12:29
13218166963,1096628,1420,B,A,13/01/17 13:05
13033921963,28402048,31588,B,A,26/12/16 17:21
13028547195,30004999,143069,B,A,26/12/16 09:20
13286219195,37745558,147,B,A,20/01/17 10:27
13275958859,20762967,30613,B,A,19/01/17 11:58
13252855367,32049814,27328,B,A,17/01/17 12:07
13238857895,20585425,120840,B,A,16/01/17 12:02
13090578475,6475208,6048,B,A,01/01/17 12:50
13103100385,37238267,2247,B,A,06/01/17 11:14
13155781946,1828255,20515,B,A,07/01/17 13:23
13232152163,33996021,37335,B,A,15/01/17 11:30
13232990885,11615399,18623,B,A,15/01/17 09:55
13056064967,27743387,7070,B,A,01/01/17 16:48
13230234334,12984353,142855,B,A,14/01/17 19:30
13195442267,31504700,1423,B,A,11/01/17 10:08
13216100263,10767741,30319,B,A,13/01/17 09:30
13250081534,10815822,187282,B,A,17/01/17 12:11
13203706685,37276562,136167,B,A,12/01/17 11:28
13287014534,18119780,43164,B,A,20/01/17 15:07
13026082752,36246761,184232,B,A,26/12/16 12:53
13233842285,30682739,43838,B,A,15/01/17 10:57
13219219813,26766530,114435,B,A,13/01/17 14:47
13194585034,35479015,181380,B,A,11/01/17 10:11
13054256134,32960396,161192,B,A,31/12/16 16:28
13304020852,11452683,137479,B,A,21/01/17 19:31
13157790463,37403136,2527,B,A,07/01/17 14:45
13224460485,37612996,26951,B,A,14/01/17 12:45
13125289267,8805787,9335,B,A,04/01/17 16:44
13049048867,31308799,55186,B,A,28/12/16 15:32
13245772046,36904098,9729,B,A,16/01/17 17:01
13078929995,4603946,39148,B,A,30/12/16 20:16
13274330495,29123832,182871,B,A,20/01/17 17:25
13208949334,23905757,121388,B,A,12/01/17 14:29
13291697146,18036480,180730,B,A,20/01/17 17:40
13029415252,31607401,2296,B,A,26/12/16 11:09
13095310085,37215288,12767,B,A,02/01/17 11:52
13138316485,13351410,25203,B,A,05/01/17 18:57
13152878063,2591729,10847,B,A,07/01/17 11:18
13133142546,5643676,6064,B,A,05/01/17 12:03
13269301134,30035106,6218,B,A,18/01/17 17:56
13068502859,18519170,181819,B,A,29/12/16 20:39
13220547967,33529942,10615,B,A,13/01/17 17:00
13291665234,22934906,155642,B,A,20/01/17 17:35
13135928695,36549344,8980,B,A,05/01/17 16:15
13183097767,7582858,183298,B,A,10/01/17 14:17
13249403459,37674639,179459,B,A,17/01/17 13:42
13029808659,7412427,5717,B,A,26/12/16 11:40
13150092452,11791797,3419,B,A,07/01/17 16:32
13278212559,34516503,34212,B,A,19/01/17 14:35
13223958067,34257286,38727,B,A,14/01/17 11:49
13117395975,37136682,107244,B,A,04/01/17 15:52
13247915367,13584037,43237,B,A,16/01/17 20:14
13087605513,33820252,2296,B,A,31/12/16 20:01
13190797975,36916212,95596,B,A,10/01/17 17:47
13095982685,11231539,4388,B,A,02/01/17 09:34
13288195534,37789504,69269,B,A,20/01/17 13:14
13048513859,32243821,3649,B,A,30/12/16 13:02
13129404263,11946156,183343,B,A,05/01/17 14:34
13296181246,37791114,7090,B,A,21/01/17 16:21
13034329546,30099461,20720,B,A,26/12/16 17:59
13171503252,11109159,123753,B,A,09/01/17 13:59
13243037234,37666452,44752,B,A,16/01/17 13:50
13246483959,37630434,5148,B,A,17/01/17 17:12
13245121734,12157130,36357,B,A,17/01/17 13:32
13238180752,16259226,177665,B,A,15/01/17 20:32
13249688213,36390294,2127,B,A,17/01/17 12:59
13150320852,26734025,12057,B,A,06/01/17 19:48
13185445434,37364329,12018,B,A,10/01/17 11:05
13026626863,19360917,3174,B,A,26/12/16 12:07
13156048195,13327860,34555,B,A,07/01/17 12:37
13152283013,37387755,43237,B,A,13/01/17 11:31
13203838946,19489995,43890,B,A,12/01/17 11:12
13149499295,9412572,12972,B,A,06/01/17 18:28
13010969295,21861054,33803,B,A,24/12/16 09:21
13197498775,37528736,3051,B,A,11/01/17 13:03
13226876513,13371223,2043,B,A,15/01/17 17:58
13280194013,8397363,5108,B,A,19/01/17 17:04
13262611975,9748971,30775,B,A,18/01/17 09:48
13184246385,36926759,118218,B,A,10/01/17 11:03
13041385013,11884498,166409,B,A,27/12/16 13:25
13272572567,37654191,140916,B,A,19/01/17 12:05
13093485663,3163888,12747,B,A,01/01/17 20:11
13206815163,18262641,3630,B,A,12/01/17 11:26
13009146913,4415509,157135,B,A,24/12/16 11:25
13055812175,37038258,11618,B,A,28/12/16 17:23
13281835913,32739647,118458,B,A,19/01/17 19:27
13093856259,4770455,96540,B,A,02/01/17 13:50
13073282967,32874703,153402,B,A,30/12/16 12:18
13210897934,9570703,69538,B,A,12/01/17 16:49
13285315834,3077755,3428,B,A,20/01/17 10:17
13167426167,29948210,179153,B,A,08/01/17 14:38
13178356146,37467994,7835,B,A,09/01/17 16:17
13111514313,3594283,1822,B,A,03/01/17 14:37
13299206263,37838228,24730,B,A,21/01/17 12:58
13260825552,13661992,20513,B,A,18/01/17 12:54
13123169159,4606400,95985,B,A,04/01/17 14:25
13297805095,37529382,151466,B,A,21/01/17 11:10
13007904534,32011254,132859,B,A,23/12/16 20:22
13180828563,23673896,164378,B,A,10/01/17 16:50
13261714795,10305236,180800,B,A,18/01/17 15:34
13303121834,24159872,37340,B,A,21/01/17 18:06
13131095413,28295368,28039,B,A,05/01/17 10:01
13063034434,1942176,179886,B,A,31/12/16 14:54
13171083267,37429663,118218,B,A,10/01/17 17:09
13206887095,13097252,164993,B,A,12/01/17 11:36
13123185685,36385334,1107,B,A,04/01/17 14:27
13291059013,13110031,3092,B,A,20/01/17 16:50
13165099952,33206284,179912,B,A,08/01/17 10:22
13075070163,5971434,20520,B,A,30/12/16 14:36
13255808546,26832387,35731,B,A,17/01/17 15:27
13229932052,37629947,180130,B,A,14/01/17 19:01
13132154952,12362027,167044,B,A,05/01/17 10:49
13146144546,36315277,142169,B,A,06/01/17 14:13
13251325375,12970542,6472,B,A,17/01/17 09:45
13272681834,37442486,182130,B,A,19/01/17 12:41
13075905467,25467594,43023,B,A,30/12/16 15:44
13194471652,37042299,43270,B,A,16/01/17 13:21
13065487775,30206267,134176,B,A,29/12/16 16:13
13249801995,37639488,152943,B,A,17/01/17 11:27
13213492513,37103098,5280,B,A,13/01/17 11:01
13124602546,706742,27607,B,A,04/01/17 15:58
13202486046,11735025,10976,B,A,11/01/17 19:57
13114853934,13755102,143826,B,A,03/01/17 18:38
12991157367,24253238,184963,B,A,25/12/16 15:53
13115370567,13257944,10698,B,A,05/01/17 17:00
13131124085,11629803,6096,B,A,06/01/17 17:21
13128946095,12486874,41485,B,A,05/01/17 13:57
13163552467,18849358,148,B,A,08/01/17 11:34
13231181775,35600049,10814,B,A,15/01/17 10:32
13229563846,35424863,170895,B,A,14/01/17 18:15
13160522163,4823653,87905,B,A,07/01/17 18:32
13243704775,37562517,1967,B,A,17/01/17 13:36
13154706067,9062232,527,B,A,07/01/17 10:54
13006323252,35277316,30659,B,A,26/12/16 11:18
13057057146,13566611,64941,B,A,28/12/16 19:22
13214993513,12437001,59,B,A,15/01/17 15:52
13169495967,36673520,73486,B,A,08/01/17 18:41
13261764852,36421968,33617,B,A,20/01/17 13:06
13178420934,32705543,139317,B,A,09/01/17 16:20
13277670452,37768332,46,B,A,21/01/17 16:41
13292956559,25801426,84394,B,A,21/01/17 15:54
13066648695,22484090,138243,B,A,31/12/16 17:25
13186468485,17560087,166390,B,A,10/01/17 13:29
13023753995,36739170,114081,B,A,25/12/16 14:50
13234897995,23738879,1560,B,A,15/01/17 13:13
13280163013,2513304,1995,B,A,19/01/17 17:01
13292479034,8193758,147308,B,A,20/01/17 18:45
13184269775,36730112,135999,B,A,10/01/17 10:59
13125858852,2309976,148464,B,A,04/01/17 17:23
13238383434,37636041,21075,B,A,15/01/17 21:04
13230870734,23076146,2069,B,A,16/01/17 11:03
13114801795,34604617,78263,B,A,03/01/17 18:34
13183784734,26362850,37186,B,A,10/01/17 13:03
13138958995,36662208,3995,B,A,11/01/17 16:53
13238657334,37657129,16026,B,A,16/01/17 12:36
13065103959,14398561,181031,B,A,29/12/16 15:45
13092391563,9717361,157966,B,A,01/01/17 17:26
13295360495,3872200,8280,B,A,21/01/17 12:10
13107759463,36480874,65193,B,A,03/01/17 10:14
13257300159,28968705,25796,B,A,17/01/17 17:09
13131207185,3058041,139903,B,A,05/01/17 09:17
13289454534,37810085,21822,B,A,20/01/17 14:59
13206521259,14276547,434,B,A,18/01/17 14:02
13294352085,37823974,40756,B,A,21/01/17 15:26
13027905967,36921792,45893,B,A,26/12/16 10:11
13050078659,20020722,11946,B,A,28/12/16 10:08
13178606859,9625095,34911,B,A,09/01/17 16:34
13230339713,28736665,150473,B,A,14/01/17 19:42
13220550259,37468907,2871,B,A,13/01/17 16:57
13277994952,32523278,9061,B,A,19/01/17 14:19
13228903446,37624996,95821,B,A,14/01/17 16:59
13229604113,10685037,8110,B,A,14/01/17 18:16
13195359863,28850413,153152,B,A,11/01/17 09:59
13168365067,10345328,138057,B,A,08/01/17 16:30
13215738167,31119954,1928,B,A,13/01/17 09:07
13089788163,11139298,19685,B,A,01/01/17 10:42
13239524034,34118757,104972,B,A,16/01/17 10:48
13220516059,28638280,78879,B,A,15/01/17 17:03
13064441246,33414646,33014,B,A,29/12/16 14:51
13215077075,15477882,36940,B,A,13/01/17 10:36
13299762052,9521082,145061,B,A,21/01/17 13:41
13180684852,2454923,42992,B,A,09/01/17 19:25
13205124175,37356454,1097,B,A,12/01/17 14:11
13274401952,35513897,74583,B,A,19/01/17 09:37
13091538346,16683051,40838,B,A,01/01/17 15:12
13027658675,3911356,12112,B,A,26/12/16 10:45
13126416167,30057139,145343,B,A,04/01/17 18:06
13224973813,10811706,11230,B,A,14/01/17 09:17
13235076595,27423181,183275,B,A,15/01/17 13:37
13011725659,36876450,9615,B,A,24/12/16 10:53
13240891859,11869644,184838,B,A,16/01/17 10:04
13231001259,23698332,13718,B,A,15/01/17 12:17
13200299313,8858659,12854,B,A,11/01/17 16:47
13278086413,2729749,157048,B,A,19/01/17 14:24
13232589152,31141379,6112,B,A,15/01/17 10:25
13222707459,36722477,3706,B,A,14/01/17 13:10
13269587352,25851366,90192,B,A,21/01/17 14:05
13023202285,36992588,2085,B,A,25/12/16 14:11
13208754675,9623410,6682,B,A,12/01/17 14:13
13121035463,15398785,2253,B,A,11/01/17 17:05
13299874563,33957287,158132,B,A,21/01/17 13:43
13201381867,3420327,12771,B,A,18/01/17 15:07
13146233663,37367535,131549,B,A,06/01/17 17:25
13192549785,25839825,184614,B,A,11/01/17 12:56
13061265659,36025768,139918,B,A,29/12/16 10:43
12968798863,27049783,147458,B,A,20/12/16 11:46
12965987063,8860270,143903,B,A,20/12/16 16:45
13260935867,5958700,10095,B,A,18/01/17 16:38
13108723434,33339660,35622,B,A,03/01/17 11:32
13200898675,18066937,37347,B,A,11/01/17 17:32
13177202834,37463967,136959,B,A,09/01/17 14:56
13189382752,10577868,33647,B,A,10/01/17 15:51
13275555467,37176282,150663,B,A,19/01/17 11:39
13018504659,13730181,127564,B,A,24/12/16 20:23
13078169313,17234171,160048,B,A,31/12/16 15:43
13122778259,24806954,1745,B,A,04/01/17 16:43
13015240285,36502150,36471,B,A,24/12/16 15:28
13085464895,33481592,14456,B,A,31/12/16 16:13
13187044513,36812083,143826,B,A,10/01/17 12:57
13021221259,34555925,65735,B,A,25/12/16 17:33
13159880234,24797604,10001,B,A,07/01/17 17:31
13045845575,13674368,3041,B,A,27/12/16 19:13
13163952763,4594469,36125,B,A,08/01/17 10:53
13261494234,27382677,1424,B,A,18/01/17 16:01
13077212485,12386387,1997,B,A,30/12/16 17:35
13047601552,10383893,85505,B,A,28/12/16 15:17
13174390246,23790700,29929,B,A,09/01/17 11:28
13298576595,26249875,11291,B,A,21/01/17 16:27
13170914234,37441827,80241,B,A,10/01/17 14:53
13107943167,8598243,143567,B,A,03/01/17 10:33
13270385667,18556918,12972,B,A,18/01/17 19:25
13302952434,31615141,179822,B,A,21/01/17 17:53
13178844446,37469394,121252,B,A,09/01/17 16:52
13033428685,21770896,8149,B,A,26/12/16 16:46
13287056763,22819309,936,B,A,20/01/17 11:48
13119606963,3452087,18415,B,A,04/01/17 09:59
13100288534,15554787,20567,B,A,02/01/17 15:19
13257939613,37690234,32848,B,A,17/01/17 17:57
13234192313,25678321,3793,B,A,15/01/17 11:52
13269209963,1164884,8163,B,A,18/01/17 17:43
13120690159,12114550,3649,B,A,04/01/17 11:39
13266166195,20021869,138251,B,A,18/01/17 14:04
13219413867,24238700,14083,B,A,13/01/17 15:06
13265518913,35046840,147252,B,A,18/01/17 13:12
13086981385,29851721,20974,B,A,31/12/16 18:34
13007261567,30781447,27128,B,A,23/12/16 19:28
13030867513,29979239,5399,B,A,26/12/16 13:11
13038136595,9321264,158348,B,A,27/12/16 10:00
13069830563,31382953,28389,B,A,31/12/16 16:47
13257656395,1616163,126200,B,A,18/01/17 12:01
13177654034,14692077,177340,B,A,09/01/17 15:21
13116765234,36294464,68843,B,A,04/01/17 17:14
13144788646,26933095,23665,B,A,06/01/17 12:35
13130234652,37319213,163840,B,A,05/01/17 17:06
13298549213,10763667,94914,B,A,21/01/17 12:11
13077522685,6190922,26343,B,A,30/12/16 17:55
13171592385,15868042,42759,B,A,10/01/17 17:14
13161822485,28649438,7096,B,A,13/01/17 14:04
12993648946,12362257,1984,B,A,22/12/16 15:52
13036522695,14384502,40475,B,A,27/12/16 12:47
13296232413,21147920,10002,B,A,21/01/17 10:51
13284618495,37795157,155510,B,A,20/01/17 11:09
13286275575,37799836,393,B,A,20/01/17 10:36
13304175934,28849410,37188,B,A,21/01/17 19:47
13199493134,13751756,26684,B,A,11/01/17 15:34
13303264146,37171045,12686,B,A,21/01/17 18:16
13183712359,29023185,145690,B,A,10/01/17 13:08
13183421675,21742812,140988,B,A,10/01/17 13:40
13248314667,37688909,167060,B,A,16/01/17 20:56
13284506185,37106908,2072,B,A,20/01/17 11:54
13183097295,35533717,73739,B,A,10/01/17 14:21
13082426334,9412450,41587,B,A,31/12/16 10:54
13235165467,28891286,25569,B,A,15/01/17 13:50
13153270863,28526581,179214,B,A,07/01/17 09:49
13135496875,11185805,167456,B,A,05/01/17 15:54
13064562713,20911884,157882,B,A,29/12/16 15:05
13140265063,15479670,28678,B,A,07/01/17 12:40
13010319146,18919691,2085,B,A,25/12/16 14:46
13154294267,8973609,155575,B,A,07/01/17 10:15
13022748775,36894868,166399,B,A,26/12/16 17:12
13173631895,8672982,145726,B,A,09/01/17 10:30
13295218963,29234150,12972,B,A,21/01/17 12:16
13215615275,23048029,74276,B,A,13/01/17 09:21
13024848234,10288426,18010,B,A,25/12/16 17:22
13240718667,10605616,177080,B,A,16/01/17 09:40
13199969685,34276742,25984,B,A,11/01/17 16:16
13170008359,37441857,10514,B,A,11/01/17 13:50
13016468013,9476903,27394,B,A,24/12/16 17:09
13169977075,37435102,68536,B,A,08/01/17 19:38
13220332259,26694513,4184,B,A,13/01/17 16:36
13125406359,14126016,2225,B,A,04/01/17 16:51
13175186659,16306203,144455,B,A,09/01/17 12:25
13285615067,37419133,166360,B,A,20/01/17 09:22
13223065585,3722927,121361,B,A,14/01/17 12:31
13077585213,36858127,152862,B,A,30/12/16 18:02
13153629252,37391466,23505,B,A,07/01/17 09:51
13152639213,35626313,178569,B,A,07/01/17 11:41
13112033875,26583665,177185,B,A,03/01/17 15:13
13073020446,6027794,166532,B,A,30/12/16 11:58
13176254895,30156483,101846,B,A,09/01/17 14:14
13011337967,30725148,36113,B,A,24/12/16 10:11
13230260334,34758188,3548,B,A,14/01/17 19:33
13060842885,37083923,42440,B,A,29/12/16 09:58
13055094363,27996840,11386,B,A,28/12/16 16:27
13117720552,16681910,160126,B,A,10/01/17 16:57
13280417563,34995458,25131,B,A,20/01/17 11:09
13070681852,22726385,14043,B,A,30/12/16 10:33
13062799885,8402310,132039,B,A,29/12/16 12:48
13025901285,20253706,143130,B,A,25/12/16 19:42
13222718752,34791804,85957,B,A,14/01/17 10:42
13242175913,28216929,8396,B,A,16/01/17 12:16
13274582885,15425821,121166,B,A,19/01/17 09:58
13189534867,29581615,43682,B,A,10/01/17 16:05
13221344195,37603876,157119,B,A,13/01/17 18:18
13138776634,9282476,11295,B,A,11/01/17 16:52
13206856975,17539755,153745,B,A,13/01/17 11:35
13016324995,36969709,80947,B,A,24/12/16 17:28
13153687546,37391582,55577,B,A,07/01/17 09:07
13092471567,16538991,127551,B,A,01/01/17 17:38
13157145446,24270947,180548,B,A,07/01/17 13:56
13020382363,3246172,14213,B,A,25/12/16 15:50
13222901534,37589692,115662,B,A,14/01/17 12:32
13272435013,33247940,8696,B,A,19/01/17 12:14
13074775952,12909695,139533,B,A,30/12/16 14:17
13217555446,12446010,142716,B,A,13/01/17 12:10
13158043913,6004877,2893,B,A,07/01/17 15:05
13222854152,19509085,10602,B,A,14/01/17 13:01
13214156613,23770135,4414,B,A,13/01/17 10:44
13268907934,13365938,38368,B,A,18/01/17 17:21
13087737834,16344219,179622,B,A,31/12/16 20:29
13285786413,26274507,42,B,A,20/01/17 15:32
13126877995,37307473,275,B,A,04/01/17 19:02
13181781552,8807905,5719,B,A,10/01/17 16:26
13008125559,12379653,136732,B,A,24/12/16 14:18
13021289595,24546757,171524,B,A,25/12/16 09:36
13113704995,15400744,114237,B,A,10/01/17 11:02
13170859585,22080098,165995,B,A,11/01/17 13:29
13050067313,36871809,89893,B,A,28/12/16 10:07
13059028413,8590995,181023,B,A,29/12/16 11:29
13095211567,9842936,137388,B,A,02/01/17 12:04
13195615046,36730639,95589,B,A,11/01/17 10:28
13246247675,4773880,1893,B,A,16/01/17 17:36
13097272746,30155459,180672,B,A,02/01/17 11:40
13019338563,13310282,7691,B,A,25/12/16 11:59
13231427663,37634705,44757,B,A,15/01/17 12:13
13279032895,2424670,137503,B,A,19/01/17 15:38
13270090413,33655390,5719,B,A,18/01/17 19:01
13100752367,4923043,10001,B,A,02/01/17 15:46
13201849195,36156291,1146,B,A,11/01/17 18:51
13290354559,37810870,38,B,A,20/01/17 16:01
13224503513,37613024,21761,B,A,14/01/17 09:51
13000086567,5669078,33646,B,A,23/12/16 09:31
13073515646,37149140,137999,B,A,30/12/16 12:38
13248845434,35014814,10002,B,A,17/01/17 13:49
13067970567,37133005,40997,B,A,30/12/16 17:26
13088127975,36407510,178549,B,A,01/01/17 10:51
13200911159,8193898,39180,B,A,11/01/17 17:30
13238818463,37658716,32326,B,A,16/01/17 12:08
13188854759,37213168,87859,B,A,10/01/17 15:09
13285167546,37794100,160449,B,A,20/01/17 10:09
13138807975,13048942,108097,B,A,05/01/17 19:49
13159572952,29920051,781,B,A,07/01/17 17:05
13303914695,36638324,11234,B,A,21/01/17 19:19
13280697913,12848687,180420,B,A,19/01/17 17:48
13182237513,37095469,1727,B,A,10/01/17 15:43
13288233452,4913244,2273,B,A,20/01/17 13:17
13176341334,28076711,25680,B,A,09/01/17 13:50
13046014685,21181470,8396,B,A,27/12/16 19:27
13015616334,3653375,35102,B,A,24/12/16 15:57
13293031367,4535134,41710,B,A,20/01/17 19:32
13222126267,25838746,39272,B,A,14/01/17 13:16
13077250495,36189375,138650,B,A,30/12/16 17:29
13090302959,7934478,37335,B,A,01/01/17 12:12
13007181667,10989307,160693,B,A,23/12/16 19:16
13128218634,36573705,8810,B,A,05/01/17 15:36
13086277485,37185122,156236,B,A,01/01/17 12:36
13015014595,36966357,2069,B,A,24/12/16 15:11
13243668252,8894865,749,B,A,18/01/17 12:55
13204531659,16676040,11290,B,A,12/01/17 10:25
13151439259,23286007,26529,B,A,07/01/17 13:43
13042494946,8390047,37335,B,A,27/12/16 14:51
13089200934,14463895,40997,B,A,01/01/17 09:48
