fel.id,fel.file_id,user_glid,src_mcat_id,extracted_at,llm_extracted_json_masked
2097450,2114239,8590995,181023,1970-01-01 00:00:00.000,"{""lead_tag"": {""deal_blockers"": [], ""deal_readiness"": ""Warm"", ""deal_readiness_reason"": ""Specific pricing and samples were discussed, and a move to WhatsApp for further coordination was initiated.""}, ""metadata"": {""call_type"": {""type"": ""B2B"", ""reason"": ""The buyer is inquiring about standardized electrical components by size and requesting samples, indicating commercial intent for resale or professional use."", ""evidence"": {""order_type"": {""order_type_category"": ""commercial""}, ""buyer_persona"": {""persona_category"": ""retailer""}}}, ""buyer_intent"": {""narrative"": ""Seeking pricing and samples for 25mm junction boxes."", ""reasoning"": ""The buyer knows exactly what size they need and is inquiring about pricing and samples."", ""intent_level"": ""Medium""}, ""call_outcome"": {""category"": ""Pending"", ""conclusion_notes"": ""Pricing Shared, move to WhatsApp for samples (WhatsApp pe Hi likh ke bhejo bhejta hoon)""}, ""call_purpose"": ""requirement"", ""all_languages"": [""Hindi"", ""English""], ""primary_language"": ""Hindi"", ""additional_details"": {""buyer_queries"": [{""query"": ""What is the current price of 25mm Junction Box?"", ""category"": ""Pricing"", ""sequence"": 1}, {""query"": ""Can you provide samples?"", ""category"": ""Specifications"", ""sequence"": 2}], ""seller_queries"": [{""query"": ""How many pieces do you need?"", ""category"": ""Quantity"", ""sequence"": 3}]}}, ""products"": [{""price"": {""value"": 100, ""currency"": ""INR"", ""price_unit"": ""piece""}, ""product_name"": ""Junction Box [Jaston Box]"", ""specifications"": [{""name"": ""Size"", ""unit"": ""mm"", ""value"": ""25"", ""buyer_requested"": true, ""seller_mentioned"": true}], ""related_categories"": [{""name"": ""PVC Junction Box"", ""reason"": ""Junction boxes of this size are commonly made of PVC for electrical fittings.""}, {""name"": ""Conduit Boxes"", ""reason"": ""25mm is a standard conduit size, and junction boxes are a type of conduit box.""}], ""is_buyer_interested"": true, ""most_specific_category"": {""name"": ""Junction Boxes"", ""reason"": ""The buyer explicitly asked for 'Jaston Box' (Junction Box) and mentioned a size of 25mm.""}}], ""next_steps"": {""buyer_next_steps"": [""To send a 'Hi' message on WhatsApp"", ""To check for the seller's catalog or sample photos""], ""seller_next_steps"": [""To share product samples or photos on WhatsApp""]}, ""buyer_details"": {""buyer_name"": ""9705df1acd9cd5228e94bf0e4a65b434cab5674779747893de19098a3f17fe1a""}, ""seller_details"": {""seller_name"": ""d71773e78ee55879e5aab044222e48436f47b59897db2c62e8202d19d861dc91""}}"
2097558,2114347,19232659,389,1970-01-01 00:00:00.000,"{""payment"": {""payment_mode"": ""cash"", ""payment_details"": ""Cash price discussed separately from tax-included price.""}, ""lead_tag"": {""deal_blockers"": [], ""deal_readiness"": ""Hot"", ""deal_readiness_reason"": ""Buyer is a regular reseller and wants photos to proceed with a bulk requirement.""}, ""metadata"": {""call_type"": {""type"": ""B2B"", ""reason"": ""The buyer identifies as a reseller and discusses recurring bulk requirements of 100kg every two days."", ""evidence"": {""keywords"": [""Reseller"", ""Regular requirement""], ""order_type"": {""order_type_category"": ""recurring""}, ""repeat_buyer"": true, ""buyer_persona"": {""persona_detail"": ""Reseller"", ""persona_category"": ""wholesaler""}, ""quantity_scale"": ""High""}}, ""buyer_intent"": {""narrative"": ""Reseller looking for regular supply of copper strips and 1kg copper bars."", ""reasoning"": ""Buyer mentioned being a reseller with recurring requirements of 100kg every few days."", ""intent_level"": ""High""}, ""call_outcome"": {""category"": ""Pending"", ""conclusion_notes"": ""Waiting for photos on WhatsApp (Photo wagera kuch bhej sakte hai kya)""}, ""call_purpose"": ""requirement"", ""all_languages"": [""Hindi"", ""English""], ""primary_language"": ""Hindi"", ""additional_details"": {""buyer_queries"": [{""query"": ""Can you send photos on WhatsApp?"", ""category"": ""Specifications"", ""sequence"": 1}], ""seller_queries"": []}, ""intended_application"": ""Retail Resale""}, ""products"": [{""price"": {""gst"": {""value"": 18, ""is_gst_included"": false}, ""value"": 1450, ""currency"": ""INR"", ""price_unit"": ""kg"", ""negotiation_notes"": ""Cash price mentioned as 1520."", ""buyer_price_reaction"": {""quote"": ""Thik hai"", ""category"": ""Accepted""}}, ""in_stock"": ""in stock"", ""specifications"": [{""name"": ""Size"", ""unit"": ""inch"", ""value"": ""1"", ""buyer_requested"": true, ""seller_mentioned"": false}, {""name"": ""Thickness"", ""unit"": ""gauge"", ""value"": ""30"", ""buyer_requested"": true, ""seller_mentioned"": false}], ""quantity_required"": {""unit"": ""kg"", ""value"": 20}, ""related_categories"": [{""name"": ""Copper Strips, Rod and Bars"", ""reason"": ""This general category covers copper strip products.""}], ""is_buyer_interested"": true, ""most_specific_category"": {""name"": ""Copper Strip"", ""reason"": ""The buyer explicitly asked for 'copper strip' with specific dimensions.""}, ""seller_accepts_quantity"": true}, {""price"": {""value"": 1450, ""currency"": ""INR"", ""price_unit"": ""kg""}, ""in_stock"": ""in stock"", ""specifications"": [{""name"": ""Weight"", ""unit"": ""kg"", ""value"": ""1"", ""buyer_requested"": true, ""seller_mentioned"": false}], ""quantity_required"": {""unit"": ""kg"", ""value"": 100}, ""related_categories"": [{""name"": ""Copper Strips, Rod and Bars"", ""reason"": ""Copper bars fall under this category.""}], ""is_buyer_interested"": true, ""most_specific_category"": {""name"": ""Copper Bar"", ""reason"": ""The buyer asked for 'copper bar' of 1kg weight.""}, ""seller_accepts_quantity"": true}], ""next_steps"": {""buyer_next_steps"": [""To check photos on WhatsApp""], ""seller_next_steps"": [""To share product photos on WhatsApp""]}, ""buyer_details"": {""buyer_name"": ""2c3827a002d7a48cd3ad594495f7a3c218094f2a58a81d39c9e513531e914ad5""}, ""seller_details"": {}}"
2635398,2652212,19232659,389,1970-01-01 00:00:00.000,"{""callback"": ""callback by Tomorrow 12 PM - To send catalog and confirm rates"", ""lead_tag"": {""deal_blockers"": [], ""deal_readiness"": ""Warm"", ""deal_readiness_reason"": ""Buyer is interested in 500 kg copper strips and shared contact for catalog. Negotiation might occur later. ""}, ""metadata"": {""call_type"": {""type"": ""B2B"", ""reason"": ""Buyer is looking for industrial quantity (500 kg) of copper strips directly from a manufacturer for business use."", ""evidence"": {""keywords"": [""Copper Patti"", ""Manufacturing"", ""Factory Unit""], ""order_type"": [""bulk"", ""commercial""], ""repeat_buyer"": false, ""quantity_scale"": ""High""}}, ""buyer_intent"": {""narrative"": ""Wants 500 kg of 25x3 copper patti and also interested in copper wire."", ""reasoning"": ""Buyer provided specific dimensions and quantity requirement."", ""intent_level"": ""High""}, ""call_outcome"": {""category"": ""Follow-up"", ""conclusion_notes"": ""Seller to send catalog on WhatsApp (Catalog bhej do, number note kar lo).""}, ""call_purpose"": ""requirement"", ""all_languages"": [""Hindi"", ""English""], ""primary_language"": ""Hindi"", ""additional_details"": {""buyer_queries"": [{""query"": ""Where is your unit located?"", ""category"": ""Availability"", ""sequence"": 1}, {""query"": ""Is it a confirm plant?"", ""category"": ""Availability"", ""sequence"": 2}, {""query"": ""What is the rate for 25/3 copper patti for 500 kg and wire?"", ""category"": ""Pricing"", ""sequence"": 3}], ""seller_queries"": []}}, ""products"": [{""price"": {""gst"": {""value"": 18, ""is_gst_included"": false}, ""value"": 1340, ""currency"": ""INR"", ""price_unit"": ""kg"", ""buyer_price_reaction"": {""quote"": ""Theek hai bhai sahab."", ""category"": ""Accepted""}}, ""in_stock"": ""in stock"", ""product_name"": ""Copper Patti (Copper Strip)"", ""specifications"": [{""name"": ""Size"", ""value"": ""25x3"", ""buyer_requested"": true, ""seller_mentioned"": false}], ""quantity_required"": {""unit"": ""kg"", ""value"": 500}, ""related_categories"": [{""name"": ""Copper Flat Bar"", ""reason"": ""Copper strips of this size are often categorized as flat bars in industrial applications.""}], ""is_buyer_interested"": true, ""most_specific_category"": {""name"": ""Copper Strip"", ""reason"": ""Buyer specifically asked for 'copper patti' which refers to copper strips with dimensions 25x3.""}, ""seller_accepts_quantity"": true}, {""in_stock"": ""in stock"", ""product_name"": ""Copper Wire"", ""related_categories"": [{""name"": ""Copper Rod"", ""reason"": ""Wire is often manufactured from copper rods.""}], ""is_buyer_interested"": true, ""most_specific_category"": {""name"": ""Bare Copper Wire"", ""reason"": ""Buyer mentioned requirement for wire alongside copper patti.""}}], ""next_steps"": {""buyer_next_steps"": [""To review the catalog once received on WhatsApp""], ""seller_next_steps"": [""To share product catalog on WhatsApp""]}, ""buyer_details"": {""buyer_name"": ""882c45820c72fc317733a6fcdfd7fe258ebee7a4e9fb3cfa84232e58235b35aa""}, ""seller_details"": {""seller_location"": {""seller_city"": ""Talasari""}}}"
2338781,2355584,2188040,106032,1970-01-01 00:00:00.000,"{""lead_tag"": {""deal_blockers"": [], ""deal_readiness"": ""Warm"", ""deal_readiness_reason"": ""Moving to WhatsApp to share product photos and finalize details.""}, ""metadata"": {""call_type"": {""type"": ""B2B"", ""reason"": ""Buyer is asking for specific industrial sprays by the box, likely for a shop or workshop use."", ""evidence"": {""order_type"": {""order_type_category"": ""commercial""}, ""buyer_persona"": {""persona_category"": ""retailer""}, ""quantity_scale"": ""Low""}}, ""buyer_intent"": {""narrative"": ""Wants to purchase one box each of silicone, non-silicone, and anti-corrosion Kripa sprays."", ""reasoning"": ""Specify brand Kripa and detailed types of sprays with clear quantities per item."", ""intent_level"": ""High""}, ""call_outcome"": {""category"": ""Pending"", ""conclusion_notes"": ""Moving to WhatsApp for product verification (Photo bhejta hoon).""}, ""call_purpose"": ""requirement"", ""all_languages"": [""Hindi"", ""English""], ""primary_language"": ""Hindi"", ""additional_details"": {""buyer_queries"": [], ""seller_queries"": [{""query"": ""What is the quantity?"", ""category"": ""Quantity"", ""sequence"": 1}]}, ""intended_application"": ""Industrial Production""}, ""products"": [{""product_name"": ""Silicone Mold Release Spray (Kripa)"", ""specifications"": [{""name"": ""Brand"", ""value"": ""Kripa"", ""buyer_requested"": true, ""seller_mentioned"": true}, {""name"": ""Type"", ""value"": ""Silicone"", ""buyer_requested"": true, ""seller_mentioned"": false}], ""quantity_required"": {""unit"": ""box"", ""value"": 1}, ""related_categories"": [{""name"": ""Silicone Release Agent"", ""reason"": ""Silicone sprays are commonly used as release agents in molding processes.""}], ""is_buyer_interested"": true, ""most_specific_category"": {""name"": ""Silicone Spray"", ""reason"": ""The buyer specifically requested silicone mold release spray for his application.""}, ""seller_accepts_quantity"": true}, {""product_name"": ""Non-Silicone Mold Release Spray (Kripa)"", ""specifications"": [{""name"": ""Brand"", ""value"": ""Kripa"", ""buyer_requested"": true, ""seller_mentioned"": true}, {""name"": ""Type"", ""value"": ""Non-Silicone"", ""buyer_requested"": true, ""seller_mentioned"": false}], ""quantity_required"": {""unit"": ""box"", ""value"": 1}, ""related_categories"": [{""name"": ""Lubricant Spray"", ""reason"": ""Non-silicone sprays serve as lubricants and release agents.""}], ""is_buyer_interested"": true, ""most_specific_category"": {""name"": ""Welding Spray"", ""reason"": ""The buyer asked for non-silicone spray which is often used in welding environments.""}, ""seller_accepts_quantity"": true}, {""product_name"": ""Anti-Corrosion Spray (Kripa)"", ""specifications"": [{""name"": ""Brand"", ""value"": ""Kripa"", ""buyer_requested"": true, ""seller_mentioned"": true}, {""name"": ""Function"", ""value"": ""Anti-Corrosion"", ""buyer_requested"": true, ""seller_mentioned"": false}], ""quantity_required"": {""unit"": ""box"", ""value"": 1}, ""related_categories"": [{""name"": ""Anti Spatter Spray"", ""reason"": ""Anti-corrosion sprays in this context are often used to prevent weld spatter.""}], ""is_buyer_interested"": true, ""most_specific_category"": {""name"": ""Welding Spray"", ""reason"": ""The buyer specifically requested anti-corrosion/anti-spatter type spray.""}, ""seller_accepts_quantity"": true}], ""next_steps"": {""buyer_next_steps"": [""To send photos of the required sprays on WhatsApp""], ""seller_next_steps"": [""To check the sent photos and confirm availability""]}, ""buyer_details"": {""buyer_name"": ""4f0645761ceff50aec389142f018819bdd9292dd9a1bba4310bc6160d2974983""}, ""seller_details"": {}}"
2338947,2355751,2188040,106032,1970-01-01 00:00:00.000,"{""lead_tag"": {""deal_blockers"": [{""detail"": ""Communication issues due to call dropping/audio cutting."", ""category"": ""Other""}], ""deal_readiness"": ""Warm"", ""deal_readiness_reason"": ""The buyer is trying to obtain the WhatsApp number to share further requirements.""}, ""metadata"": {""call_type"": {""type"": ""B2B"", ""reason"": ""The conversation is in an early stage of inquiry for product specifications or pricing over WhatsApp, common in B2B transactions."", ""evidence"": {""repeat_buyer"": false}}, ""buyer_intent"": {""narrative"": ""The buyer wants to connect via WhatsApp to discuss requirements for welding-related products but faced communication issues."", ""reasoning"": ""The buyer proactively asked for a WhatsApp number to proceed, showing genuine interest despite technical difficulties."", ""intent_level"": ""Medium""}, ""call_outcome"": {""category"": ""Follow-up"", ""conclusion_notes"": ""The call was cut short due to audio issues while the buyer was asking for the WhatsApp number (WhatsApp number kaunsa hai).""}, ""call_purpose"": ""requirement"", ""all_languages"": [""Hindi"", ""English""], ""primary_language"": ""Hindi"", ""additional_details"": {""buyer_queries"": [{""query"": ""Which number is used for WhatsApp?"", ""category"": ""Other"", ""sequence"": 1}], ""seller_queries"": []}}, ""products"": [{""product_name"": ""Welding Accessories"", ""is_buyer_interested"": true}], ""next_steps"": {""buyer_next_steps"": [""To obtain and save the seller's WhatsApp number"", ""To share requirements on WhatsApp""], ""seller_next_steps"": [""To provide the correct WhatsApp number to the buyer""]}, ""buyer_details"": {""buyer_name"": ""925dae4ac100f6ff302e8e7d7451258c06ac3efb9977b662f06c93cfe52d52cf""}, ""seller_details"": {""seller_name"": ""f9989023d4749c43af56b92b6d1b7d019056a5f550b744f94d2096293895d1e8""}}"
2339946,2356746,2188040,106032,1970-01-01 00:00:00.000,"{""callback"": ""callback by Tomorrow - To share price details (Kal aapko pura detail deta hoon)"", ""lead_tag"": {""deal_blockers"": [], ""deal_readiness"": ""Warm"", ""deal_readiness_reason"": ""Expressing interest in a specific brand and requesting price information for several products.""}, ""metadata"": {""call_type"": {""type"": ""B2B"", ""reason"": ""The buyer is inquiring about multiple product lines (silicon, non-silicon, mold release) from a specific manufacturer (Metatic), indicating potential B2B interest for supply or distribution."", ""evidence"": {""keywords"": [""Metatic brand"", ""Silicon"", ""Non-silicon"", ""Mold release""], ""order_type"": {""order_type_category"": ""bulk""}}}, ""buyer_intent"": {""narrative"": ""Interested in purchasing silicon, non-silicon, and mold release products from Metatic brand."", ""reasoning"": ""The buyer specifically asks about the available products (silicon, non-silicon, and mold release) and requests the seller's price list."", ""intent_level"": ""High""}, ""call_outcome"": {""category"": ""Follow-up"", ""conclusion_notes"": ""The seller agreed to provide product details and pricing tomorrow since they are not currently at the factory (Abhi factory mein nahi hoon, kal aapko deta hoon).""}, ""call_purpose"": ""requirement"", ""all_languages"": [""Hindi"", ""English""], ""primary_language"": ""Hindi"", ""additional_details"": {""buyer_queries"": [{""query"": ""Does it include all four items: Silicon, non-silicon, and mold release?"", ""category"": ""Specifications"", ""sequence"": 1}, {""query"": ""Can you provide the price for these items?"", ""category"": ""Pricing"", ""sequence"": 2}], ""seller_queries"": []}}, ""products"": [{""in_stock"": ""in stock"", ""product_name"": ""Silicon Spray (Metatic)"", ""specifications"": [{""name"": ""Brand"", ""value"": ""Metatic"", ""buyer_requested"": true, ""seller_mentioned"": true}, {""name"": ""Type"", ""value"": ""Silicon"", ""buyer_requested"": false, ""seller_mentioned"": true}], ""related_categories"": [{""name"": ""Welding Spray"", ""reason"": ""Silicon sprays are often used in welding processes as anti-spatter agents.""}, {""name"": ""Welding Accessories"", ""reason"": ""Often categorized under general welding maintenance and accessory products.""}], ""is_buyer_interested"": true, ""most_specific_category"": {""name"": ""Silicone Spray"", ""reason"": ""The buyer explicitly inquired about silicon spray and the seller confirmed they manufacture it under the brand Metatic.""}}, {""in_stock"": ""in stock"", ""product_name"": ""Non-Silicon Spray (Metatic)"", ""specifications"": [{""name"": ""Brand"", ""value"": ""Metatic"", ""buyer_requested"": true, ""seller_mentioned"": true}, {""name"": ""Type"", ""value"": ""Non-Silicon"", ""buyer_requested"": false, ""seller_mentioned"": true}, {""name"": ""Form"", ""value"": ""Gas-free liquid"", ""buyer_requested"": false, ""seller_mentioned"": true}], ""related_categories"": [{""name"": ""Welding Spray"", ""reason"": ""Non-silicon sprays are frequently used for anti-spatter protection in welding.""}, {""name"": ""Paintable Welding Anti Spatter"", ""reason"": ""Non-silicon versions are often preferred for being paintable after application.""}], ""is_buyer_interested"": true, ""most_specific_category"": {""name"": ""Anti Spatter Spray"", ""reason"": ""The seller mentions a non-silicon gas-free product which is commonly used as an anti-spatter spray in welding.""}}, {""in_stock"": ""in stock"", ""product_name"": ""Mold Release Spray"", ""specifications"": [{""name"": ""Type"", ""value"": ""Mold Release"", ""buyer_requested"": true, ""seller_mentioned"": true}], ""related_categories"": [{""name"": ""Silicone Spray"", ""reason"": ""Many mold release agents are formulated with silicone.""}], ""is_buyer_interested"": true, ""most_specific_category"": {""name"": ""Silicone Release Agent"", ""reason"": ""The buyer explicitly asks for mold release products, which are typically silicone-based or related release agents.""}}, {""in_stock"": ""in stock"", ""product_name"": ""Anti Spatter Spray (Metatic)"", ""specifications"": [{""name"": ""Weight"", ""unit"": ""gram"", ""value"": ""500"", ""buyer_requested"": false, ""seller_mentioned"": true}, {""name"": ""Material Weight"", ""unit"": ""ml"", ""value"": ""200"", ""buyer_requested"": false, ""seller_mentioned"": true}, {""name"": ""Gas Content"", ""unit"": ""gram"", ""value"": ""300"", ""buyer_requested"": false, ""seller_mentioned"": true}, {""name"": ""Form"", ""value"": ""Gas-free liquid"", ""buyer_requested"": false, ""seller_mentioned"": true}], ""related_categories"": [{""name"": ""Welding Spray"", ""reason"": ""Standard category for anti-spatter aerosols or liquids used in welding.""}], ""is_buyer_interested"": true, ""most_specific_category"": {""name"": ""Anti Spatter Spray"", ""reason"": ""The seller displays an anti-spatter spray bottle photo and discusses it being gas-free liquid.""}}], ""next_steps"": {""buyer_next_steps"": [""To wait for the seller's price and product details.""], ""seller_next_steps"": [""To provide full product details and pricing tomorrow."", ""To check the buyer's requirement and share the catalog on WhatsApp.""]}, ""buyer_details"": {""buyer_mobile_number"": ""badc4ef21018fe11ed9c9ea4d73ca39c2d8cab936ef8616e88c1a3f48f78970a""}, ""seller_details"": {""seller_name"": ""f9989023d4749c43af56b92b6d1b7d019056a5f550b744f94d2096293895d1e8""}}"
617823,627601,2186854,4107,1970-01-01 00:00:00.000,"{""payment"": {}, ""lead_tag"": {""deal_blockers"": [], ""deal_readiness"": ""Warm"", ""deal_readiness_reason"": ""Wants to see photos of the products before proceeding.""}, ""metadata"": {""call_type"": {""type"": ""B2B"", ""reason"": ""The buyer is inquiring with a textile manufacturer (ML Textiles) found on IndiaMART, which is a typical B2B platform for sourcing inventory."", ""evidence"": {""order_type"": ""bulk"", ""repeat_buyer"": false, ""buyer_persona"": ""retailer"", ""quantity_scale"": ""High""}}, ""buyer_intent"": {""narrative"": ""Wants to buy single bed sheets of 60x90 size and is inquiring about price and quality."", ""reasoning"": ""The buyer provided specific dimensions and inquired about thread count, showing genuine interest in the product quality."", ""intent_level"": ""Medium""}, ""call_purpose"": ""requirement"", ""all_languages"": [""Hindi"", ""English""], ""buyer_conclusion"": {""category"": ""Pending"", ""conclusion_notes"": ""Interested, will check photos and confirm (Photos dekh kar batata hoon)""}, ""primary_language"": ""Hindi"", ""additional_details"": {""buyer_queries"": [{""query"": ""What is the thread count of the bedsheet?"", ""category"": ""Specification"", ""sequence"": 1}], ""seller_queries"": []}, ""intended_application"": ""Retail Resale""}, ""products"": [{""price"": {""value"": 125, ""currency"": ""INR"", ""price_unit"": ""set""}, ""in_stock"": ""in stock"", ""product_name"": ""Single Bed Sheet (1 Bedsheet + 1 Pillow Cover)"", ""specifications"": [{""name"": ""Size"", ""value"": ""60x90"", ""buyer_requested"": true, ""seller_mentioned"": true}, {""name"": ""GSM"", ""value"": ""110"", ""buyer_requested"": false, ""seller_mentioned"": true}, {""name"": ""Bed Type"", ""value"": ""Single"", ""buyer_requested"": false, ""seller_mentioned"": true}, {""name"": ""Included Components"", ""value"": ""1 Bedsheet and 1 Pillow cover"", ""buyer_requested"": false, ""seller_mentioned"": true}], ""related_categories"": [{""name"": ""Bed Sheets"", ""reason"": ""Single bed sheets are a sub-category of the broader bed sheets category.""}], ""is_buyer_interested"": true, ""most_specific_category"": {""name"": ""Single Bed Sheet"", ""reason"": ""The buyer explicitly asked for single bed bedsheets and specified the size 60x90.""}}, {""price"": {""value"": 250, ""currency"": ""INR"", ""price_unit"": ""pair""}, ""in_stock"": ""in stock"", ""product_name"": ""Single Bed Sheet (2 Bedsheets + 2 Pillow Covers)"", ""specifications"": [{""name"": ""Size"", ""value"": ""60x90"", ""buyer_requested"": true, ""seller_mentioned"": true}, {""name"": ""GSM"", ""value"": ""110"", ""buyer_requested"": false, ""seller_mentioned"": true}, {""name"": ""Bed Type"", ""value"": ""Single"", ""buyer_requested"": false, ""seller_mentioned"": true}, {""name"": ""Included Components"", ""value"": ""2 Bedsheets and 2 Pillow covers"", ""buyer_requested"": false, ""seller_mentioned"": true}], ""related_categories"": [{""name"": ""Bed Sheets"", ""reason"": ""Part of the general bed sheets category.""}], ""is_buyer_interested"": true, ""most_specific_category"": {""name"": ""Single Bed Sheet"", ""reason"": ""The buyer asked for single bedsheets, and the seller offered a pair variant.""}}], ""call_back"": ""callback by Tomorrow 1 PM - Detailed discussion"", ""next_steps"": {""buyer_next_steps"": [""To send a message on WhatsApp for photos""], ""seller_next_steps"": [""To share product photos on WhatsApp""]}, ""buyer_details"": {}, ""seller_details"": {""seller_mobile_number"": ""bef65ad8f602fcd464a45c211d70efd558cb6a03b400b1070055998fbb2d83a7""}, ""minimum_order_quantity"": {}}"
1432302,1449070,19232659,389,1970-01-01 00:00:00.000,"{""lead_tag"": {""deal_blockers"": [], ""deal_readiness"": ""Warm"", ""deal_readiness_reason"": ""Regular monthly assembly of thirty thousand units but needs to exchange samples for quality check.""}, ""metadata"": {""call_type"": {""type"": ""B2B"", ""reason"": ""The buyer mentions assembling 30,000 units monthly for truck contact parts, indicating industrial manufacturing and recurring bulk demand."", ""evidence"": {""keywords"": [""Copper Patti"", ""Thousand Units"", ""Monthly Assembly"", ""Pure Copper""], ""order_type"": {""order_type_category"": ""recurring""}, ""buyer_persona"": {""persona_detail"": ""Automotive Component Manufacturer"", ""persona_category"": ""manufacturer""}, ""quantity_scale"": ""High""}}, ""buyer_intent"": {""narrative"": ""Wants to source copper strips for assembling 30,000 units per month."", ""reasoning"": ""The buyer provides specific dimensions (4mm x 0.1mm) and discusses high monthly usage volume for truck contact strips."", ""intent_level"": ""High""}, ""call_outcome"": {""category"": ""Pending"", ""conclusion_notes"": ""Seller will share address on WhatsApp and buyer will send samples (Sample bhej dunga jo mere pass hai).""}, ""call_purpose"": ""requirement"", ""all_languages"": [""Hindi"", ""English""], ""primary_language"": ""Hindi"", ""additional_details"": {""buyer_queries"": [{""query"": ""When will I get to know about the copper strip availability?"", ""category"": ""Availability"", ""sequence"": 1}], ""seller_queries"": [{""query"": ""What is the size you require?"", ""category"": ""Specifications"", ""sequence"": 2}, {""query"": ""What is the quantity?"", ""category"": ""Quantity"", ""sequence"": 3}, {""query"": ""Do you need pure copper?"", ""category"": ""Specifications"", ""sequence"": 4}]}, ""intended_application"": ""Truck Contact Strips""}, ""products"": [{""product_name"": ""Copper Strip (Copper Patti)"", ""specifications"": [{""name"": ""Width"", ""unit"": ""mm"", ""value"": ""4"", ""buyer_requested"": true, ""seller_mentioned"": false}, {""name"": ""Thickness"", ""unit"": ""mm"", ""value"": ""0.1"", ""buyer_requested"": true, ""seller_mentioned"": false}, {""name"": ""Material"", ""value"": ""Pure Copper"", ""buyer_requested"": false, ""seller_mentioned"": true}], ""quantity_required"": {""unit"": ""pieces"", ""value"": 30000}, ""related_categories"": [{""name"": ""Copper Strips, Rod and Bars"", ""reason"": ""Strips are part of the broader strips, rods, and bars category.""}], ""is_buyer_interested"": true, ""most_specific_category"": {""name"": ""Copper Strip"", ""reason"": ""The buyer specifically asked for 'Copper strips' or 'Copper Patti' for contact parts.""}, ""seller_accepts_quantity"": true}], ""next_steps"": {""buyer_next_steps"": [""To send the physical sample to the seller's address""], ""seller_next_steps"": [""To share the factory address on WhatsApp"", ""To send a Hi message on WhatsApp""]}, ""buyer_details"": {""buyer_name"": ""357409e6368271eb11a48dd778c8b8357c7a975275065d6a2692a09cdbbe9ce2""}, ""seller_details"": {""seller_location"": {""seller_city"": ""Vasai""}}}"
1437364,1454130,19232659,389,1970-01-01 00:00:00.000,"{""lead_tag"": {""deal_blockers"": [{""detail"": ""Seller currently only has 0.1mm thickness while buyer specifically needs 0.06mm."", ""category"": ""Availability""}], ""deal_readiness"": ""Warm"", ""deal_readiness_reason"": ""The buyer has sent exact requirements on WhatsApp and the seller is checking for thinner material availability.""}, ""metadata"": {""call_type"": {""type"": ""B2B"", ""reason"": ""The buyer is a manufacturer looking for specific raw material for their production line, indicating a B2B relationship."", ""evidence"": {""keywords"": [""Slitting"", ""Machine cutting"", ""Production""], ""order_type"": {""order_type_category"": ""commercial""}, ""repeat_buyer"": true, ""buyer_persona"": {""persona_detail"": ""Assembling specific parts"", ""persona_category"": ""manufacturer""}}}, ""buyer_intent"": {""narrative"": ""Wants thinnest possible copper strips (specifically 0.06 mm) for direct machine cutting and assembly."", ""reasoning"": ""Buyer provided precise technical specs (0.06 thickness) and explained the production process/end-use cases."", ""intent_level"": ""High""}, ""call_outcome"": {""category"": ""Follow-up"", ""conclusion_notes"": ""Checking thinner material (Thode time dijiye main check karke batata hoon)""}, ""call_purpose"": ""requirement"", ""all_languages"": [""Hindi"", ""English""], ""primary_language"": ""Hindi"", ""additional_details"": {""buyer_queries"": [], ""seller_queries"": [{""query"": ""Will 0.1 mm thickness work if you get slitting done?"", ""category"": ""Specifications"", ""sequence"": 1}]}, ""intended_application"": ""Part Assembly""}, ""products"": [{""in_stock"": ""in stock"", ""product_name"": ""Copper Roll"", ""specifications"": [{""name"": ""Width"", ""unit"": ""mm"", ""value"": ""200"", ""buyer_requested"": false, ""seller_mentioned"": true}, {""name"": ""Thickness"", ""unit"": ""mm"", ""value"": ""0.1"", ""buyer_requested"": false, ""seller_mentioned"": true}], ""related_categories"": [{""name"": ""Copper Roll"", ""reason"": ""The seller explicitly refers to the product as a \""roll\"" available in stock.""}], ""is_buyer_interested"": false, ""most_specific_category"": {""name"": ""Copper Strip"", ""reason"": ""The seller mentions having 200 mm width copper rolls with 0.1 thickness.""}}, {""in_stock"": ""out of stock"", ""product_name"": ""Copper Strip (Patti)"", ""specifications"": [{""name"": ""Thickness"", ""unit"": ""mm"", ""value"": ""0.06"", ""buyer_requested"": true, ""seller_mentioned"": false}], ""related_categories"": [{""name"": ""Copper Strips, Rod and Bars"", ""reason"": ""General category for copper strip products used in industrial and electrical applications.""}], ""is_buyer_interested"": true, ""most_specific_category"": {""name"": ""Copper Strip"", ""reason"": ""Buyer specifically asks for 0.06 mm thickness copper strips for machine cutting.""}}], ""next_steps"": {""buyer_next_steps"": [""To wait for feedback on 0.06mm thickness availability""], ""seller_next_steps"": [""To check with the slitting professional regarding 0.06mm material availability"", ""To update on WhatsApp after checking thinnest possible material""]}, ""buyer_details"": {""buyer_name"": ""357409e6368271eb11a48dd778c8b8357c7a975275065d6a2692a09cdbbe9ce2""}, ""seller_details"": {""seller_name"": ""6405cf0c2f2418e27e5306348e1f3a887bb3ece435443a24a4318ce812352982""}}"
1429847,1446615,19232659,389,1970-01-01 00:00:00.000,"{""payment"": {}, ""lead_tag"": {""deal_blockers"": [], ""deal_readiness"": ""Warm"", ""deal_readiness_reason"": ""High monthly volume requirement but waiting on seller's price calculation and sample review.""}, ""metadata"": {""call_type"": {""type"": ""B2B"", ""reason"": ""The buyer mentions a monthly volume of 30,000 parts and production usage in machines, qualifying it as B2B manufacturing requirement."", ""evidence"": {""keywords"": [""BGM Copper"", ""Contact Patti"", ""Monthly volume"", ""Machine use""], ""order_type"": {""order_type_category"": ""recurring""}, ""repeat_buyer"": true, ""buyer_persona"": {""persona_category"": ""manufacturer""}, ""quantity_scale"": ""High""}}, ""buyer_intent"": {""narrative"": ""Wants 30,000 units of 4mm x 0.1mm BGM copper strips every month for manufacturing contact plates."", ""reasoning"": ""The buyer defines specific dimensions (4mm x 0.1mm), material (BGM Copper), and provides a high, recurring monthly volume of 30,000 pieces."", ""intent_level"": ""High""}, ""call_outcome"": {""category"": ""Follow-up"", ""conclusion_notes"": ""Pending price calculation from the seller (working karke revert karta hoon).""}, ""call_purpose"": ""requirement"", ""all_languages"": [""Hindi"", ""English""], ""primary_language"": ""Hindi"", ""additional_details"": {""buyer_queries"": [{""query"": ""Can you provide BGM copper strip in 4mm width and 0.1mm thickness?"", ""category"": ""Specifications"", ""sequence"": 1}], ""seller_queries"": [{""query"": ""Do you need it in sheet form or coil form?"", ""category"": ""Specifications"", ""sequence"": 2}, {""query"": ""What is the monthly quantity requirement?"", ""category"": ""Quantity"", ""sequence"": 3}]}, ""intended_application"": ""Manufacturing Contact Plates""}, ""products"": [{""product_name"": ""BGM Copper Strip (Patti)"", ""specifications"": [{""name"": ""Material"", ""value"": ""BGM Copper"", ""buyer_requested"": false, ""seller_mentioned"": true}, {""name"": ""Thickness"", ""unit"": ""mm"", ""value"": ""0.1"", ""buyer_requested"": true, ""seller_mentioned"": false}, {""name"": ""Width"", ""unit"": ""mm"", ""value"": ""4"", ""buyer_requested"": true, ""seller_mentioned"": false}, {""name"": ""Form"", ""value"": ""Coil"", ""buyer_requested"": false, ""seller_mentioned"": true}], ""quantity_required"": {""unit"": ""pieces"", ""value"": 30000}, ""related_categories"": [{""name"": ""Copper Roll"", ""reason"": ""The buyer confirmed they will use it in 'coil' or 'roll' form for their machine.""}, {""name"": ""Copper Foils"", ""reason"": ""The thinness of 0.1mm often falls under foil or thin strip categories.""}], ""is_buyer_interested"": true, ""most_specific_category"": {""name"": ""Copper Strip"", ""reason"": ""The buyer explicitly mentioned needing 'copper patti' (copper strip) for contact plates.""}, ""seller_accepts_quantity"": true}], ""next_steps"": {""buyer_next_steps"": [""To share photos of the required strip on WhatsApp.""], ""seller_next_steps"": [""To work on pricing and revert with a quote.""]}, ""buyer_details"": {""buyer_name"": ""357409e6368271eb11a48dd778c8b8357c7a975275065d6a2692a09cdbbe9ce2""}, ""seller_details"": {""seller_name"": ""6405cf0c2f2418e27e5306348e1f3a887bb3ece435443a24a4318ce812352982""}}"
1437250,1454017,19232659,389,1970-01-01 00:00:00.000,"{""lead_tag"": {""deal_blockers"": [{""detail"": ""Call cut within seconds of connection"", ""category"": ""Other""}], ""deal_readiness"": ""Cold"", ""deal_readiness_reason"": ""Call disconnected immediately without any product discussion.""}, ""metadata"": {""call_type"": {""type"": ""B2C"", ""reason"": ""Call disconnected before any business intent or quantity could be established.""}, ""buyer_intent"": {""narrative"": ""Buyer connected through IndiaMART but the call was disconnected before any details were shared."", ""reasoning"": ""Communication did not progress beyond greetings."", ""intent_level"": ""Low""}, ""call_outcome"": {""category"": ""Lost"", ""conclusion_notes"": ""Call disconnected abruptly (Hello hello call cut ho gaya).""}, ""call_purpose"": ""irrelevant"", ""all_languages"": [""Hindi""], ""primary_language"": ""Hindi"", ""additional_details"": {""buyer_queries"": [], ""seller_queries"": []}}, ""products"": [], ""next_steps"": {""buyer_next_steps"": [], ""seller_next_steps"": [""To call back for requirement gathering""]}, ""buyer_details"": {""buyer_name"": ""357409e6368271eb11a48dd778c8b8357c7a975275065d6a2692a09cdbbe9ce2"", ""buyer_location"": {""buyer_city"": ""Wai""}}, ""seller_details"": {""seller_location"": {""seller_city"": ""Mumbai""}}}"
